0.02,1.330847707015157,1.3374673624423947,0.32262157699882443,0.36229606509447804,0.6032942332922945,0.669909956524649,-1.0314291194610365,-1.0307747620729724,-1.030917839866312,-1.0340808620976936,-1.0291074419449564,-1.0319591230294336
0.021923847695390783,1.3305331000741454,1.337416637834794,0.3200199886714679,0.3622462406160704,0.598834509734527,0.669817827690307,-1.0314221543591209,-1.0307744944446704,-1.0309117778415053,-1.0340806022667934,-1.0291061990531478,-1.0319546374574622
0.023847695390781562,1.3302294707181763,1.337365921723218,0.3175307951816541,0.3621964207043157,0.5945517608753749,0.6697257073000151,-1.0314153681518936,-1.0307742268824929,-1.0309058556270796,-1.0340803425002303,-1.0291049772688756,-1.031950151885668
0.025771543086172344,1.3299369197947861,1.337315214106367,0.3151633229749217,0.36214660535940635,0.5904592528451689,0.6696335953541298,-1.0314087528675115,-1.0307739593864256,-1.0309000662814798,-1.034080082797991,-1.029103775063856,-1.0319456663140525
0.027695390781563127,1.3296540645691524,1.3372645149829132,0.31289373924079383,0.3620967945814842,0.5865214406420273,0.6695414918529129,-1.0314022982001816,-1.0307736919564552,-1.0308944031136928,-1.0340798231600619,-1.0291025923468875,-1.031941180742619
0.02961923847695391,1.329380949606464,1.3372138243515312,0.31072941448158925,0.362046988370735,0.5827489953806831,0.6694493967967081,-1.0313959960400167,-1.0307734245925675,-1.0308888591346417,-1.0340795635864297,-1.0291014276080714,-1.0319366951713709
0.03154308617234469,1.3291164502094832,1.3371631422109245,0.3086505992971104,0.3619971867273743,0.579112563848374,0.6693573101859138,-1.0313898385008196,-1.030773157294749,-1.030883429315574,-1.0340793040770808,-1.0291002808540206,-1.0319322096003092
0.03346693386773547,1.3288607126180463,1.3371124685597542,0.30666519400593567,0.36194738965150625,0.5756234210067434,0.6692652320207229,-1.0313838201409913,-1.0307728900629858,-1.0308781087999812,-1.0340790446320016,-1.0290991509555774,-1.0319277240294376
0.03539078156312625,1.3286127989572427,1.337061803396694,0.30475770798220647,0.3618975971433182,0.5722585022913463,0.6691731623014815,-1.031377933666418,-1.0307726228972645,-1.0308728927206496,-1.0340787852511788,-1.0290980377334227,-1.031923238458758
0.037314629258517036,1.328372647827528,1.3370111467204544,0.30293086980403844,0.36184780920302706,0.5690215359491189,0.6690811010285908,-1.0313721733285748,-1.0307723557975708,-1.0308677762612353,-1.0340785259345988,-1.0290969402491925,-1.0319187528882734
0.039238476953907815,1.3281395955605468,1.336960498529695,0.3011744397593654,0.3617980258307921,0.5658972016494617,0.6689890482023453,-1.0313665330686406,-1.0307720887638916,-1.030862755189304,-1.0340782666822483,-1.029095858199986,-1.0319142673179864
0.041162324649298594,1.3279134881096606,1.336909858823096,0.2994885546342253,0.3617482470267259,0.5628854252667199,0.6688970038229531,-1.0313610082469413,-1.0307718217962125,-1.0308578257565668,-1.0340780074941136,-1.0290947909468369,-1.0319097817478995
0.04308617234468938,1.327693936823022,1.3368592275993545,0.29786808952758,0.3616984727910547,0.5599784734183825,0.6688049678908327,-1.031355594290634,-1.03077155489452,-1.030852984603875,-1.0340777483701813,-1.029093738130418,-1.0319052961780153
0.04501002004008016,1.3274806338410188,1.336808604857142,0.29630960135865836,0.3616487031239556,0.5571709810224793,0.6687129404063114,-1.0313502864940531,-1.0307712880588005,-1.0308482281309932,-1.0340774893104379,-1.029092699266285,-1.0319008106083358
0.046933867735470945,1.3272733353967407,1.3367579905951321,0.2948110788250051,0.36159893802555,0.5544598257216767,0.6686209213696138,-1.0313450805069215,-1.03077102128904,-1.0308435529366526,-1.0340772303148698,-1.0290916738398272,-1.0318963250388644
0.048857715430861724,1.327071659507641,1.3367073848120146,0.2933669133536401,0.3615491774960141,0.5518364691515787,0.6685289107810656,-1.0313399722824557,-1.0307707545852252,-1.0308389560875193,-1.0340769713834637,-1.0290906615704136,-1.0318918394696037
0.0507815631262525,1.3268755286554819,1.3366567875064719,0.2919782577401089,0.36149942153557013,0.5493024703570744,0.6684369086410777,-1.0313349582253526,-1.0307704879473418,-1.03083443458879,-1.034076712516206,-1.029089661884772,-1.0318873539005553
0.05270541082164329,1.3266845039492625,1.336606198677179,0.2906380053879356,0.3614496701443281,0.5468470968761532,0.6683449149498537,-1.0313300349019998,-1.0307702213753764,-1.030829986101,-1.0340764537130835,-1.0290886746681898,-1.0318828683317227
0.05462925851703407,1.3264986373518568,1.3365556183228302,0.28934956091030084,0.36139992332252296,0.544475266474513,0.6682529297078279,-1.031325199231864,-1.0307699548693152,-1.030825607897443,-1.0340761949740824,-1.029087699300439,-1.0318783827631084
0.05655310621242485,1.3263174070509303,1.3365050464420858,0.2881039098546632,0.3613501810702176,0.5421734435810042,0.6681609529151166,-1.0313204476810787,-1.0307696884291444,-1.030821297656992,-1.0340759362991894,-1.0290867357294986,-1.0318738971947146
0.05847695390781563,1.3261409420276726,1.3364544830336562,0.28690607322673817,0.36130044338767536,0.5399489121174512,0.6680689845722066,-1.031315777539482,-1.03076942205485,-1.0308170528491596,-1.034075677688391,-1.0290857833039249,-1.0318694116265437
0.06040080160320641,1.3259687060205974,1.336403928096198,0.2857466152184574,0.3612507102750499,0.5377874572293443,0.6679770246793824,-1.0313111856317614,-1.030769155746419,-1.0308128714650904,-1.0340754191416734,-1.0290848420414045,-1.0318649260585988
0.06232464929859719,1.325800873077792,1.3363533816284003,0.2846309005015564,0.36120098173244775,0.5356969854296907,0.6678850732368405,-1.031306669741652,-1.030768889503837,-1.0308087513560464,-1.034075160659024,-1.0290839113451231,-1.0318604404908822
0.06424849699398798,1.3256369998897177,1.336302843628945,0.2835511549583486,0.36115125776010215,0.5336658310593322,0.6677931302450127,-1.0313022272009367,-1.0307686233270903,-1.0308046908228938,-1.0340749022404283,-1.0290829912195716,-1.0318559549233965
0.06617234468937876,1.325477149672653,1.3362523140965161,0.2825105824079466,0.3611015383581506,0.5316985646648037,0.6677011957041529,-1.0312978558093893,-1.0307683572161657,-1.0308006878600926,-1.0340746438858734,-1.029082081179197,-1.0318514693561445
0.06809619238476954,1.3253210301015834,1.336201793029788,0.2815046181457103,0.36105182352674947,0.5297882666131217,0.6676092696145501,-1.031293553042494,-1.0307680911710488,-1.03079674067431,-1.034074385595346,-1.0290811810757308,-1.0318469837891284
0.07002004008016031,1.3251685629924672,1.3361512804274505,0.2805329195908055,0.36100211326610443,0.5279343694932345,0.667517351976585,-1.0312893168141766,-1.030767825191726,-1.030792847570118,-1.034074127368832,-1.0290802906137124,-1.0318424982223509
0.07194388777555111,1.325019632822365,1.3361007762881898,0.27959450073437164,0.36095240757632896,0.5261352662112848,0.6674254427904672,-1.0312851450561622,-1.0307675592781842,-1.030789006903894,-1.0340738692063185,-1.0290794095323612,-1.0318380126558142
0.07386773547094189,1.3248740172548874,1.3360502806106722,0.27868627894661885,0.3609027064576508,0.5243861882122595,0.6673335420566179,-1.0312810356345237,-1.0307672934304086,-1.0307852171076468,-1.0340736111077917,-1.029078537665296,-1.0318335270895216
0.07579158316633267,1.3247317527956688,1.3359997933935828,0.27781010600410977,0.36085300991015345,0.5226898496595098,0.6672416497751914,-1.0312769869448235,-1.0307670276483865,-1.0307814767440104,-1.0340733530732382,-1.0290776746791261,-1.031829041523475
0.07771543086172344,1.3245925462572896,1.3359493146356134,0.2769608683280726,0.36080331793404524,0.5210385589875484,0.6671497659465729,-1.0312729971165124,-1.0307667619321037,-1.0307777845856778,-1.034073095102645,-1.0290768205469614,-1.0318245559576775
0.07963927855711422,1.324456510325718,1.3358988443354436,0.27614222260018245,0.3607536305295116,0.5194376398616645,0.6670578905711054,-1.0312690646159668,-1.0307664962815464,-1.0307741391378435,-1.0340728371959977,-1.0290759748533826,-1.0318200703921314
0.08156312625250502,1.324323279543127,1.3358483824917509,0.27534778971844004,0.36070394769673986,0.5178774259285368,0.6669660236491353,-1.0312651874634478,-1.0307662306967007,-1.0307705391552828,-1.0340725793532837,-1.0290751376118352,-1.031815584826839
0.0834869739478958,1.324192998408445,1.3357979291032145,0.27458144932871104,0.36065426943578544,0.5163636740791522,0.6668741651807649,-1.0312613643463582,-1.0307659651775534,-1.0307669833088327,-1.0340723215744891,-1.0290743084265748,-1.0318110992618035
0.08541082164328657,1.3240653879585713,1.3357474841685197,0.2738384744577673,0.36060459574693116,0.5148892452184519,0.6667823151665172,-1.0312575935252648,-1.0307656997240904,-1.030763470448004,-1.0340720638596008,-1.0290734872620535,-1.0318066136970268
0.08733466933867735,1.3239404711821687,1.3356970476863599,0.2731203081006561,0.36055492663027094,0.5134561729267392,0.6666904736065661,-1.0312538737302908,-1.0307654343362982,-1.0307599994299261,-1.0340718062086047,-1.0290726738532185,-1.0318021281325118
0.08925851703406813,1.3238181291785291,1.3356466196553964,0.27242547246537563,0.36050526208594735,0.512062181683614,0.6665986405011749,-1.0312502034869562,-1.0307651690141628,-1.0307565691203857,-1.034071548621488,-1.0290718680421598,-1.0317976425682607
0.09118236472945891,1.3236982509339053,1.335596200074318,0.2717523784096131,0.3604556021141918,0.5107048069567416,0.6665068158507717,-1.0312465815815965,-1.0307649037576707,-1.0307531786088724,-1.034071291098237,-1.02907106972202,-1.0317931570042767
0.0931062124248497,1.3235808559212328,1.3355457889418147,0.2711023679776024,0.3604059467151225,0.5093860092826367,0.6664149996555748,-1.031243006784437,-1.0307646385668081,-1.0307498267896942,-1.0340710336388381,-1.0290702786328436,-1.0317886714405617
0.09503006012024048,1.323465716815203,1.335495386256557,0.27047146133518507,0.3603562958889114,0.5080997196880876,0.6663231919159025,-1.0312394777263343,-1.0307643734415612,-1.0307465127652466,-1.034070776243278,-1.0290694947556684,-1.0317841858771184
0.09695390781563126,1.323352944178342,1.3354449920172449,0.269862837012651,0.36030664963575526,0.506850663060777,0.6662313926321185,-1.0312359934059894,-1.0307641083819166,-1.0307432355074553,-1.0340705189115436,-1.0290687177770579,-1.03177970031395
0.09887775551102204,1.3232422643109445,1.3353946062225388,0.26927159405750684,0.3602570079557369,0.505631377507566,0.6661396018043759,-1.0312325524175965,-1.03076384338786,-1.030739994141971,-1.0340702616436206,-1.029067947713499,-1.031775214751058
0.10080160320641282,1.323133784014554,1.3353442288711328,0.26870055001103493,0.3602073708490665,0.5044460657583566,0.6660478194330633,-1.0312291539155358,-1.0307635784593783,-1.0307367877900102,-1.0340700044394961,-1.029067184293941,-1.0317707291884455
0.10272545090180361,1.3230273494686662,1.335293859961705,0.2681472548014396,0.36015773831593245,0.5032909805173468,0.6659560455185293,-1.0312257967238987,-1.0307633135964571,-1.0307336156188684,-1.0340697472991567,-1.0290664274503338,-1.0317662436261152
0.10464929859719439,1.322922906565032,1.335243499492949,0.2676113505758042,0.3601081103564524,0.5021654833188243,0.6658642800609911,-1.0312224797960081,-1.0307630487990835,-1.0307304767745582,-1.0340694902225886,-1.0290656770331554,-1.0317617580640694
0.10657314629258517,1.3228204583017935,1.3351931474635235,0.2670934775413082,0.36005848697073733,0.5010705153385127,0.6657725230606539,-1.031219202310894,-1.0307627840672433,-1.0307273705324436,-1.034069233209779,-1.0290649328817147,-1.0317572725023108
0.10849699398797595,1.3227198430858698,1.3351428038721345,0.26659077855634045,0.36000886815908273,0.5000017270648598,0.6656807745180644,-1.0312159632170341,-1.0307625194009227,-1.0307242961843375,-1.0340689762607136,-1.0290641949650714,-1.0317527869408414
0.11042084168336673,1.3226211500098948,1.3350924687174548,0.2661058181457252,0.3599592539215417,0.4989629147938912,0.6655890344333206,-1.0312127617704503,-1.030762254800108,-1.0307212529516707,-1.0340687193753797,-1.029063463040564,-1.0317483013796647
0.11234468937875751,1.3225241550817384,1.3350421419981628,0.26563461315924264,0.35990964425829397,0.4979479741125453,0.6654973028067548,-1.0312095968359034,-1.0307619902647855,-1.0307182401240722,-1.0340684625537633,-1.0290627371168586,-1.0317438158187824
0.1142685370741483,1.322428951650937,1.3349918237129546,0.26517950713412664,0.35986003916953935,0.4969604547438007,0.6654055796387366,-1.0312064677957422,-1.0307617257949422,-1.0307152570402929,-1.0340682057958512,-1.0290620169806997,-1.0317393302581972
0.11619238476953908,1.3223354315712044,1.3349415138604837,0.2647388088051036,0.35981043865533746,0.49599774425656884,0.6653138649293762,-1.031203373743672,-1.0307614613905633,-1.0307123030414227,-1.03406794910163,-1.0290613025661566,-1.031734844697912
0.11811623246492986,1.3222435309117793,1.3348912124394738,0.26431180279924554,0.35976084271599124,0.49505867538486475,0.6652221586792336,-1.0312003138365808,-1.0307611970516357,-1.0307093774622884,-1.0340676924710863,-1.0290605937707802,-1.031730359137929
0.12004008016032064,1.3221532785425565,1.3348409194485706,0.26389956386362634,0.359711251351536,0.49414485454516727,0.6651304608883741,-1.0311972874145359,-1.0307609327781457,-1.0307064796825844,-1.0340674359042064,-1.0290598904350168,-1.0317258735782509
0.12196392785571142,1.322064511701215,1.3347906348864769,0.26349916811585855,0.3596616645621832,0.49325181281532104,0.665038771557189,-1.0311942935879632,-1.0307606685700794,-1.0307036091306014,-1.0340671794009773,-1.0290591925532029,-1.0317213880188802
0.12388777555110221,1.3219773201934315,1.334740358751864,0.2631129452702951,0.35961208234805897,0.4923830354763712,0.6649470906859113,-1.0311913318196833,-1.030760404427423,-1.0307007652122355,-1.034066922961385,-1.0290584999260137,-1.0317169024598194
0.12581162324649298,1.3218915614681481,1.334690091043425,0.26273838658147425,0.3595625047093468,0.4915346706599344,0.6648554182748803,-1.0311884013084347,-1.030760140350163,-1.0306979474045668,-1.0340666665854163,-1.0290578125423568,-1.0317124169010712
0.12773547094188376,1.321807250277658,1.3346398317598356,0.2623762572855814,0.35951293164624,0.49070784192464073,0.6647637543244533,-1.0311855014735094,-1.0307598763382855,-1.0306951551721886,-1.0340664102730581,-1.0290571302708031,-1.031707931342638
0.12965931863727456,1.321724362125792,1.3345895808997827,0.2620264765067122,0.359463363158789,0.4899023884884998,0.664672098834724,-1.0311826316224026,-1.030759612391777,-1.0306923879340495,-1.0340661540242966,-1.0290564529987232,-1.0317034457845222
0.13158316633266534,1.3216427904060193,1.334539338461946,0.26168717370102296,0.3594137992472635,0.4891154415001069,0.6645804518061905,-1.0311797910953873,-1.030759348510624,-1.030689645246758,-1.0340658978391182,-1.0290557807072347,-1.0316989602267264
0.13350701402805612,1.3215626015749544,1.3344891044450076,0.26136021570175727,0.35936423991175,0.4883497870148027,0.6644888132390132,-1.0311769793422954,-1.0307590846948123,-1.0306869265316678,-1.03406564171751,-1.0290551132145511,-1.0316944746692533
0.1354308617234469,1.3214836505396377,1.3344388788476493,0.26104298093670997,0.35931468515243226,0.4876013903622223,0.6643971831335318,-1.0311741957047014,-1.0307588209443281,-1.0306842313924465,-1.0340653856594582,-1.0290544505385115,-1.0316899891121052
0.13735470941883768,1.3214059839858743,1.3343886616685645,0.26073672520056784,0.3592651349694552,0.4868721572176169,0.6643055614900141,-1.0311714396651264,-1.0307585572591584,-1.0306815593129626,-1.0340651296649492,-1.0290537925302843,-1.031685503555285
0.13927855711422846,1.3213295642510692,1.3343384529064202,0.2604410610756668,0.3592155893629379,0.4861614570670561,0.6642139483086803,-1.0311687106489058,-1.030758293639289,-1.0306789098301374,-1.03406487373397,-1.0290531391120372,-1.0316810179987943
0.14120240480961924,1.3212543001767472,1.3342882525599133,0.26015454168208385,0.3591660483331097,0.48546702180086926,0.6641223435899547,-1.0311660080428,-1.0307580300847063,-1.0306762825136113,-1.0340646178665072,-1.0290524902510754,-1.031676532442637
0.14312625250501002,1.321180258847226,1.3342380606277158,0.25987880786296974,0.3591165118801064,0.484791348039563,0.6640307473340881,-1.0311633314630657,-1.0307577665953966,-1.0306736769371982,-1.034064362062547,-1.0290518458042242,-1.0316720468868146
0.1450501002004008,1.3211073095192978,1.3341878771085118,0.2596114409415792,0.359066980004007,0.48413072812904373,0.6639391595412268,-1.0311606803000597,-1.0307575031713463,-1.0306710927308482,-1.034064106322076,-1.0290512057839694,-1.0316675613313298
0.14697394789579157,1.3210354928909231,1.3341377020009864,0.25935367399516784,0.3590174527050129,0.4834869930451727,0.6638475802117432,-1.0311580540978555,-1.0307572398125415,-1.0306685294325209,-1.0340638506450808,-1.029050570054055,-1.0316630757761853
0.14889779559118235,1.3209647825719044,1.3340875353038306,0.25910524247924555,0.3589679299833274,0.4828597133780628,0.663756009346013,-1.0311554524189923,-1.0307569765189688,-1.0306659866868435,-1.0340635950315484,-1.0290499385540237,-1.0316585902213837
0.15082164328657316,1.3208950952414615,1.334037377015712,0.2588647277452052,0.35891841183905326,0.48224669295162953,0.6636644469442265,-1.0311528747003254,-1.0307567132906141,-1.0306634641013264,-1.034063339481465,-1.0290493112548669,-1.0316541046669272
0.15274549098196394,1.3208264888206058,1.333987227135335,0.25863359028714983,0.3588688982723335,0.48165014275335,0.6635728930066479,-1.0311503206172519,-1.030756450127464,-1.0306609613107414,-1.034063083994817,-1.0290486880325356,-1.0316496191128186
0.15466933867735472,1.3207588576768476,1.3339370856613582,0.25840995447826953,0.3588193892833568,0.48106717142328453,0.6634813475336264,-1.0311477895764092,-1.030756187029505,-1.0306584779242831,-1.0340628285715914,-1.02904806887327,-1.0316451335590604
0.1565931863727455,1.3206922225920674,1.3338869525924806,0.25819452639690726,0.3587698848721662,0.480498811217312,0.6633898105252412,-1.0311452812637731,-1.0307559239967228,-1.030656013631956,-1.0340625732117745,-1.0290474536922187,-1.0316406480056552
0.15851703406813628,1.320626579321691,1.3338368279273785,0.2579874873902436,0.35872038503910536,0.479945325292812,0.6632982819821278,-1.0311427952375531,-1.0307556610291044,-1.0306535680457463,-1.034062317915353,-1.029046842403427,-1.031636162452605
0.16044088176352705,1.3205618376154327,1.333786711664745,0.257787171552551,0.35867088978422595,0.47940415914018153,0.6632067619043821,-1.0311403310424252,-1.0307553981266355,-1.0306511408791328,-1.0340620626823132,-1.0290462350079592,-1.0316316768999125
0.16236472945891783,1.3204980481318735,1.3337366038032457,0.2575949531178917,0.3586213991076334,0.47887736046404755,0.6631152502921988,-1.0311378883287885,-1.030755135289303,-1.0306487317499773,-1.0340618075126422,-1.0290456313803529,-1.031627191347581
0.1642885771543086,1.3204351502882248,1.333686504341586,0.25740982240901256,0.35857191300949826,0.4783633628198592,0.6630237471458931,-1.0311354667063777,-1.0307548725170925,-1.0306463403876858,-1.0340615524063264,-1.0290450315024786,-1.031622705795612
0.1662124248496994,1.3203731200758637,1.3336364132784235,0.2572314609468461,0.35852243149001156,0.47786167409773944,0.6629322524658186,-1.0311330657682984,-1.030754609809991,-1.0306439664630656,-1.034061297363352,-1.0290444353173729,-1.0316182202440083
0.16813627254509017,1.3203119883254046,1.3335863306124618,0.2570607533558398,0.3584729545493304,0.4773736188430691,0.6628407662522654,-1.0311306852205822,-1.0307543471679843,-1.03064160967092,-1.0340610423837062,-1.0290438427329451,-1.031613734692773
0.17006012024048095,1.3202516555515953,1.33353625634238,0.2568958881365843,0.35842348218751835,0.4768963964363199,0.6627492885053513,-1.0311283246290104,-1.030754084591059,-1.0306392697518558,-1.0340607874673748,-1.0290432537603729,-1.0316092491419073
0.17198396793587176,1.3201921651824526,1.3334861904668514,0.25673797097170376,0.3583740144048151,0.47643167472247067,0.6626578192255195,-1.0311259837025422,-1.0307538220792014,-1.0306369463883527,-1.0340605326143453,-1.0290426682961638,-1.0316047635914154
0.17390781563126254,1.3201334983358535,1.3334361329845787,0.2565868226661595,0.35832455120133844,0.47597916503403864,0.6625663584129876,-1.0311236621137583,-1.0307535596323976,-1.0306346393114179,-1.0340602778246037,-1.029042086292073,-1.0316002780412985
0.17583166332665331,1.3200755851608554,1.3333860838942273,0.25644119063533743,0.35827509257726353,0.4755369313899279,0.6624749060680797,-1.031121359448391,-1.0307532972506344,-1.0306323482429056,-1.034060023098137,-1.029041507734076,-1.0315957924915597
0.1777555110220441,1.3200184732841556,1.333336043194489,0.2563022766744079,0.35822563853266276,0.47510677995893524,0.6623834621909296,-1.0311190754984043,-1.0307530349338976,-1.03063007293089,-1.0340597684349309,-1.0290409325305883,-1.0315913069422011
0.17967935871743487,1.3199621072653798,1.333286010884048,0.25616916878514423,0.3581761890677611,0.47468729392584785,0.6622920267819532,-1.0311168098746697,-1.030752772682174,-1.0306278130985396,-1.0340595138349729,-1.0290403606559757,-1.0315868213932256
0.18160320641282565,1.319906466783709,1.3332359869615842,0.25604156138690254,0.3581267441826896,0.47427800038075907,0.6622005998413929,-1.031114562271786,-1.0307525104954494,-1.0306255685014445,-1.0340592592982494,-1.0290397920702732,-1.0315823358446357
0.18352705410821643,1.3198515814183267,1.3331859714257817,0.25592027823429275,0.3580773038775779,0.47388013301812704,0.6621091813694886,-1.0311123324495588,-1.0307522483737104,-1.0306233388828827,-1.0340590048247467,-1.029039226692958,-1.0315778502964332
0.1854509018036072,1.3197973718938072,1.3331359642753335,0.255803911966257,0.3580278681525961,0.47349150906882753,0.6620177713665543,-1.0311101200409485,-1.0307519863169432,-1.030621124015748,-1.0340587504144518,-1.0290386645264147,-1.0315733647486218
0.187374749498998,1.3197438634724716,1.333085965508893,0.2556930978812085,0.3579784370078231,0.47311308977434435,0.6619263698327364,-1.0311079248076476,-1.0307517243251343,-1.0306189236546186,-1.034058496067351,-1.0290381054978468,-1.0315688792012032
0.18929859719438877,1.3196910579805077,1.3330359751251903,0.2555880560351977,0.35792901044352315,0.4727451973730715,0.6618349767685232,-1.0311057464849334,-1.03075146239827,-1.0306167375584787,-1.0340582417834308,-1.0290375495499806,-1.0315643936541796
0.19122244488977955,1.3196388822254799,1.3329859931228742,0.2554874601741649,0.35787958845972345,0.4723857821916863,0.6617435921739653,-1.031103584738495,-1.0307512005363366,-1.0306145655226613,-1.0340579875626783,-1.029036996686594,-1.0315599081075546
0.19314629258517035,1.3195873763003871,1.3329360195006414,0.25539229090820764,0.3578301710566828,0.4720363151876979,0.6616522160495409,-1.0311014393749944,-1.0307509387393203,-1.0306124073193004,-1.0340577334050796,-1.0290364468274589,-1.03155542256133
0.19507014028056113,1.3195365204104028,1.332886054257171,0.2553023110992745,0.35778075823443084,0.4716964237664678,0.661560848395305,-1.0310993101140258,-1.0307506770072075,-1.0306102627220455,-1.0340574793106214,-1.0290358999335656,-1.031550937015508
0.1969939879759519,1.319486263867504,1.3328360973911524,0.2552165953011244,0.35773134999318984,0.4713646844966708,0.6614694892116686,-1.0310971966793872,-1.030750415339985,-1.0306081315502975,-1.0340572252792906,-1.0290353559995482,-1.0315464514700914
0.1989178356713427,1.3194366417337249,1.3327861489012571,0.25513602962995263,0.3576819463330605,0.47104241925672646,0.6613781384988179,-1.031095098887342,-1.030750153737638,-1.030606013590274,-1.0340569713110732,-1.0290348149515363,-1.0315419659250828
0.20084168336673347,1.3193876217014455,1.3327362087861947,0.2550601317868437,0.3576325472542832,0.4707288757532228,0.6612867962571972,-1.031093016446532,-1.0307498922001541,-1.0306039086214973,-1.0340567174059565,-1.0290342767597578,-1.0315374803804849
0.20276553106212425,1.3193391720189396,1.3326862770446222,0.25498836021741467,0.35758315275687436,0.4704232175265816,0.6611954624868371,-1.0310909491008238,-1.030749630727519,-1.0306018164563933,-1.0340564635639269,-1.029033741403557,-1.0315329948362995
0.20468937875751503,1.3192913226049616,1.3326363536752346,0.25492143750275165,0.35753376284105326,0.4701265316788251,0.661104137188143,-1.0310888966922793,-1.0307493693197187,-1.0305997369126674,-1.0340562097849704,-1.0290332088210914,-1.0315285092925297
0.2066132264529058,1.3192440326211985,1.3325864386767177,0.25485869993248544,0.35748437750692386,0.46983778768750706,0.661012820361307,-1.0310868589514637,-1.0307491079767404,-1.030597669800125,-1.0340559560690745,-1.0290326789954598,-1.0315240237491778
0.2085370741482966,1.3191972853300078,1.3325365320477587,0.2547999616110998,0.3574349967546699,0.46955667458515576,0.6609215120066689,-1.0310848356352096,-1.0307488466985697,-1.030595614920559,-1.0340557024162254,-1.0290321518916172,-1.0315195382062463
0.21046092184368737,1.319151104543419,1.3324866337870338,0.25474578710792906,0.3573856205844311,0.46928405261731165,0.6608302121244871,-1.0310828265654641,-1.0307485854851932,-1.0305935720834183,-1.0340554488264095,-1.0290316274500912,-1.0315150526637378
0.21238476953907814,1.3191054454102649,1.332436743893231,0.25469539172038197,0.35733624899631916,0.4690187094457443,0.6607389207149684,-1.0310808315106317,-1.0307483243365974,-1.0305915411382351,-1.0340551952996138,-1.02903110566683,-1.0315105671216545
0.21430861723446895,1.3190603037135533,1.3323868623650315,0.2546488550538505,0.35728688199049774,0.46876073542162394,0.660647637778415,-1.031078850274575,-1.0307480632527684,-1.0305895219108756,-1.0340549418358247,-1.029030586503503,-1.031506081579999
0.21623246492985973,1.3190156971811726,1.3323369892011216,0.25460661754028574,0.35723751956709193,0.46851080079297014,0.6605563633150582,-1.0310768826755037,-1.0307478022336924,-1.0305875142151917,-1.034054688435029,-1.029030069905486,-1.031501596038774
0.2181563126252505,1.3189715795283878,1.3322871244001862,0.2545678482009289,0.3571881617262612,0.46826762064133165,0.6604650973251932,-1.031074928479806,-1.0307475412793563,-1.0305855179014185,-1.034054435097213,-1.029029555869824,-1.0314971104979818
0.2200801603206413,1.3189279529457352,1.3322372679609091,0.2545327184546876,0.3571388084681418,0.4680314453265185,0.6603738398090716,-1.0310729875039586,-1.030747280389746,-1.0305835327999588,-1.0340541818223632,-1.0290290443552343,-1.0314926249576246
0.22200400801603207,1.3188848327213323,1.3321874198819752,0.2545016417176916,0.35708945979286705,0.4678028891893832,0.6602825907669403,-1.0310710595969916,-1.0307470195648478,-1.030581558753207,-1.0340539286104666,-1.0290285353150552,-1.0314881394177056
0.22392785571142285,1.318842173793583,1.3321375801620732,0.25447382978215993,0.35704011570059474,0.4675807241940107,0.6601913501990907,-1.0310691445221685,-1.0307467588046482,-1.0305795956062063,-1.03405367546151,-1.0290280287434246,-1.0314836538782264
0.22585170340681363,1.318799979513084,1.332087748799886,0.2544494336410227,0.3569907761914934,0.4673651867737035,0.6601001181058346,-1.0310672421023932,-1.0307464981091337,-1.0305776431954723,-1.0340534223754796,-1.0290275246002563,-1.0314791683391902
0.2277755511022044,1.318758261853901,1.3320379257940833,0.2544288044581447,0.35694144126562405,0.4671567926771156,0.6600088944872847,-1.0310653522004931,-1.0307462374782903,-1.0305757013793524,-1.0340531693523618,-1.0290270228446479,-1.0314746828005992
0.22969939879759518,1.3187169851339253,1.33198811114337,0.2544113262236434,0.35689211092320366,0.46695457628274567,0.6599176793438424,-1.0310634746222278,-1.0307459769121048,-1.0305737700282636,-1.0340529163921441,-1.0290265234707396,-1.031470197262456
0.23162324649298596,1.3186761465632357,1.3319383048464148,0.2543970338803327,0.35684278516429707,0.46675859080843923,0.6598264726756274,-1.0310616091888167,-1.030745716410563,-1.0305718489846911,-1.0340526634948122,-1.0290260264435889,-1.0314657117247628
0.23354709418837674,1.3186357588410385,1.3318885069019157,0.25438627306848227,0.35679346398911443,0.4665693563694286,0.6597352744830284,-1.0310597557590349,-1.0307454559736517,-1.0305699381035132,-1.0340524106603532,-1.029025531720977,-1.031461226187522
0.23547094188376755,1.3185957926503333,1.3318387173085524,0.2543785359816836,0.35674414739777904,0.46638607640633845,0.6596440847662733,-1.0310579141410214,-1.030745195601357,-1.030568037249859,-1.0340521578887536,-1.0290250392914826,-1.031456740650737
0.23739478957915833,1.3185562367503285,1.3317889360650041,0.25437372642316947,0.35669483539033725,0.4662085831220278,0.6595529035254479,-1.0310560841784124,-1.0307449352936653,-1.0305661462946158,-1.0340519051800001,-1.0290245491318897,-1.0314522551144087
0.2393186372745491,1.318517107695337,1.331739163169968,0.25437224311564194,0.35664552796711557,0.46603749152972723,0.6594617307611559,-1.0310542657359407,-1.0307446750505633,-1.030564265093979,-1.0340516525340793,-1.0290240611978583,-1.0314477695785413
0.24124248496993989,1.3184783835422418,1.3316893986221114,0.25437371108495344,0.3565962251280676,0.4658722130078149,0.6593705664733115,-1.0310524586457632,-1.0307444148720366,-1.0305623935251593,-1.0340513999509775,-1.0290235754760357,-1.031443284043136
0.24316633266533066,1.3184400442837936,1.3316396424201338,0.2543778337651685,0.3565469268734115,0.46571227230250034,0.6592794106623182,-1.0310506627352323,-1.030744154758072,-1.0305605314571264,-1.034051147430682,-1.029023091948808,-1.0314387985081956
0.24509018036072144,1.3184021084436088,1.3315898945627085,0.25438507744901956,0.35649763320330374,0.46555838163734115,0.659188263328465,-1.0310488778868583,-1.0307438947086562,-1.0305586787576324,-1.0340508949731788,-1.029022610572559,-1.031434312973723
0.24701402805611222,1.3183645626908034,1.331540155048531,0.25439523678295767,0.3564483441178528,0.465410214440345,0.6590971244719528,-1.0310471039686797,-1.030743634723775,-1.030556835324146,-1.0340506425784548,-1.0290221313330752,-1.03142982743972
0.248937875751503,1.3183273798592758,1.33149042387629,0.2544078219182076,0.3563990596172511,0.46526701006886034,0.6590059940931373,-1.0310453407974307,-1.0307433748034152,-1.0305550010277764,-1.0340503902464966,-1.029021654218719,-1.0314253419061896
0.2508617234468938,1.3182905764078856,1.3314407010446543,0.25442329045598233,0.3563497797015239,0.465129453689512,0.6589148721920652,-1.0310435882589317,-1.0307431149475625,-1.0305531757402828,-1.0340501379772908,-1.0290211791874317,-1.0314208563731342
0.25278557114228456,1.3182541495335023,1.3313909865523246,0.2544416569456109,0.35630050437091215,0.46499756213224847,0.6588237587691821,-1.0310418462176505,-1.0307428551562041,-1.0305513593420996,-1.0340498857708245,-1.0290207062131735,-1.031416370840556
0.25470941883767534,1.3182180630110807,1.331341280397965,0.25446223066464385,0.35625123362544076,0.46487026609535703,0.6587326538245339,-1.0310401145099264,-1.0307425954293254,-1.0305495517339358,-1.0340496336270835,-1.0290202352978857,-1.0314118853084575
0.2566332665330661,1.3181823358618836,1.3312915825802847,0.25448547330793825,0.3562019674653833,0.4647482656915476,0.6586415573586266,-1.0310383930382538,-1.0307423357669139,-1.030547752800611,-1.0340493815460547,-1.0290197664018739,-1.0314073997768411
0.2585571142284569,1.3181469687849992,1.3312418930979566,0.25451149704324866,0.3561527058907794,0.4646317240249168,0.6585504693715335,-1.0310366816732472,-1.0307420761689552,-1.0305459624222177,-1.0340491295277252,-1.0290192994958913,-1.03140291424571
0.2604809619238477,1.3181119288470058,1.3311922119496642,0.2545397148563005,0.35610344890177564,0.4645197205955415,0.6584593898635255,-1.0310349802511816,-1.0307418166354354,-1.0305441804935636,-1.034048877572081,-1.0290188345771654,-1.0313984287150655
0.26240480961923845,1.31807722446939,1.3311425391340999,0.25457032351337827,0.3560541964985487,0.464412560503235,0.6583683188349293,-1.031033288672127,-1.0307415571663419,-1.0305424069132436,-1.0340486256791093,-1.0290183716173278,-1.031393943184911
0.26432865731462923,1.3180428610553978,1.331092874649944,0.2546035173149292,0.3560049486811921,0.4643105302723412,0.6582772562859179,-1.0310316068320704,-1.0307412977616603,-1.0305406415777596,-1.0340483738487964,-1.0290179105882546,-1.0313894576552487
0.26625250501002,1.3180088226549742,1.3310432184958823,0.2546390568357869,0.3559557054498399,0.4642132515035878,0.6581862022167393,-1.0310299345920564,-1.030741038421377,-1.0305388843812038,-1.034048122081129,-1.0290174514753423,-1.0313849721260808
0.26817635270541085,1.317975092119884,1.3309935706706086,0.2546766541642203,0.35590646680471655,0.4641202690585115,0.6580951566278082,-1.0310282718220207,-1.0307407791454786,-1.030537135227952,-1.0340478703760938,-1.029016994267817,-1.0313804865974099
0.2701002004008016,1.3179416852740011,1.330943931172793,0.2547166704389851,0.35585723274579867,0.4640321377692143,0.6580041195190817,-1.0310266184312669,-1.0307405199339512,-1.0305353940142186,-1.0340476187336773,-1.0290165389312358,-1.0313760010692385
0.2720240480961924,1.3179085977432083,1.3308943000011246,0.2547590924301486,0.3558080032733217,0.46394882800992376,0.6579130908909949,-1.0310249743116775,-1.0307402607867817,-1.0305336606461308,-1.0340473671538666,-1.0290160854463288,-1.031371515541569
0.2739478957915832,1.3178757975274455,1.3308446771543,0.2548033630124687,0.3557587783874068,0.4638694640965712,0.6578220707437721,-1.0310233393047015,-1.0307400017039559,-1.0305319350215207,-1.0340471156366475,-1.0290156338096572,-1.0313670300144038
0.27587174348697396,1.317843301179371,1.330795062630997,0.2548498468673381,0.3557095580881718,0.46379460915054044,0.6577310590776307,-1.031021713336261,-1.0307397426854603,-1.0305302170505322,-1.0340468641820075,-1.029015183989874,-1.0313625444877457
0.27779559118236474,1.317811110376035,1.3307454564299002,0.2548986269653023,0.3556603423757813,0.4637243832125143,0.6576400558928757,-1.0310200963136051,-1.0307394837312815,-1.030528506645678,-1.0340466127899326,-1.029014735965703,-1.0313580589615965
0.2797194388777555,1.3177792065499072,1.3306958585496889,0.2549493956504914,0.35561113125026483,0.46365830488987614,0.6575490611895612,-1.0310184881082176,-1.0307392248414056,-1.0305268037142945,-1.0340463614604098,-1.0290142897274006,-1.0313535734359596
0.2816432865731463,1.3177475798748404,1.3306462689890688,0.2550020414848252,0.3555619247119259,0.4635961855636885,0.6574580749682486,-1.0310168886010764,-1.0307389660158195,-1.0305251081597064,-1.0340461101934257,-1.0290138452580753,-1.0313490879108365
0.2835671342685371,1.3177162422404787,1.3305966877467124,0.2550568314575641,0.3555127227607856,0.46353843918158555,0.6573670972289769,-1.0310152977123979,-1.0307387072545087,-1.0305234198932856,-1.0340458589889672,-1.0290134025296107,-1.03134460238623
0.28549098196392786,1.317685190233639,1.3305471148212986,0.25511373870162113,0.3554635253969389,0.4634850166952245,0.6572761279719217,-1.031013715357382,-1.0307384485574604,-1.0305217388413845,-1.0340456078470204,-1.0290129615275678,-1.0313401168621428
0.28741482965931864,1.3176543976472403,1.3304975502115264,0.25517229991627455,0.35541433262062805,0.4634351951436912,0.657185167197531,-1.03101214139879,-1.0307381899246604,-1.0305200649139399,-1.0340453567675723,-1.0290125222476336,-1.031335631338577
0.2893386773547094,1.3176238756268215,1.3304479939160783,0.255232812153021,0.35536514443189493,0.4633894209529473,0.6570942149058819,-1.0310105757652148,-1.0307379313560956,-1.030518398028642,-1.0340451057506095,-1.0290120846629094,-1.0313311458155354
0.2912625250501002,1.317593626589935,1.3303984459336273,0.2552953598803383,0.35531596083089495,0.4633478233559003,0.6570032710972623,-1.0310090183598677,-1.030737672851752,-1.030516738094178,-1.0340448547961185,-1.0290116487504009,-1.0313266602930198
0.293186372745491,1.3175636380296947,1.3303489062628808,0.2553597255278332,0.3552667818177691,0.4633100607955728,0.6569123357719325,-1.03100746908824,-1.0307374144116161,-1.0305150850407907,-1.0340446039040865,-1.0290112145025572,-1.0313221747710335
0.29511022044088175,1.317533897484002,1.3302993749025092,0.25542572088715826,0.35521760739263636,0.46327583256598265,0.6568214089301128,-1.0310059278410506,-1.0307371560356742,-1.030513438784736,-1.0340443530744996,-1.029010781907519,-1.0313176892495783
0.29703406813627253,1.3175044141306678,1.3302498518512014,0.2554935934622982,0.3551684375556355,0.46324551383295126,0.6567304905720593,-1.0310043945447225,-1.0307368977239129,-1.0305117992448363,-1.0340441023073441,-1.0290103509398918,-1.0313132037286565
0.2989579158316633,1.3174751880161664,1.3302003371076543,0.2555633817284569,0.3551192723068767,0.46321916042822264,0.6566395806979762,-1.0310028691148858,-1.0307366394763184,-1.0305101663435337,-1.0340438516026076,-1.0290099215816078,-1.0313087182082714
0.3008817635270541,1.3174461998873315,1.3301508306705336,0.25563472705601303,0.35507011164651614,0.46319621410412143,0.6565486793081523,-1.0310013514467111,-1.0307363812928774,-1.0305085400112834,-1.0340436009602765,-1.029009493829418,-1.031304232688425
0.30280561122244487,1.3174174502779306,1.3301013325385411,0.25570770161129225,0.3550209555746526,0.4631767743627297,0.6564577864027699,-1.0309998414570305,-1.0307361231735757,-1.030506920169976,-1.034043350380337,-1.029009067664302,-1.0312997471691192
0.30472945891783565,1.3173889447800062,1.33005184271036,0.2557824717687002,0.35497180409143175,0.46316109485410595,0.6563669019820987,-1.0309983390722088,-1.0307358651184,-1.0305053067434393,-1.034043099862776,-1.0290086430644612,-1.0312952616503572
0.30665330661322643,1.3173606808219485,1.3300023611846734,0.255859024393637,0.3549226571970045,0.46314915126628053,0.6562760260464174,-1.0309968442105535,-1.0307356071273368,-1.0305036996599017,-1.0340428494075806,-1.0290082200148345,-1.0312907761321415
0.3085771543086172,1.3173326372826561,1.3299528879601765,0.25593695831507096,0.35487351489148244,0.4631403201988606,0.6561851585959326,-1.0309953567714374,-1.0307353492003724,-1.0305020988561602,-1.0340425990147366,-1.029007798514928,-1.0312862906144737
0.31050100200400804,1.317304822363299,1.3299034230355422,0.25601650032733964,0.35482437717497645,0.4631349388774205,0.6560942996308493,-1.0309938766859115,-1.0307350913374933,-1.0305005042562798,-1.0340423486842316,-1.029007378541096,-1.0312818050973565
0.3124248496993988,1.3172772382540283,1.3298539664094564,0.2560977365461023,0.35477524404760147,0.46313313807677503,0.65600344915138,-1.0309924038819382,-1.0307348335386857,-1.0304989157904656,-1.0340420984160514,-1.0290069600754934,-1.0312773195807932
0.3143486973947896,1.317249880247858,1.3298045180806215,0.2561806117218251,0.35472611550951655,0.46313482971936837,0.6559126071578186,-1.0309909382795488,-1.030734575803936,-1.0304973333912255,-1.0340418482101834,-1.0290065431053736,-1.031272834064785
0.3162725450901804,1.317222730293468,1.3297550780477148,0.2562647892788503,0.3546769915608408,0.46313949043771396,0.6558217736503857,-1.0309894797813928,-1.0307343181332307,-1.0304957569941886,-1.034041598066614,-1.0290061276276512,-1.031268348549335
0.31819639278557116,1.3171957974292277,1.3297056463094141,0.25635050745358284,0.35462787220165726,0.46314747510484355,0.6557309486292346,-1.0309880283307,-1.030734060526556,-1.0304941865330028,-1.0340413479853294,-1.0290057136206332,-1.031263863034446
0.32012024048096194,1.3171690823607805,1.3296562228644258,0.25643781455529213,0.35457875743218503,0.46315885561224335,0.6556401320947706,-1.0309865838555925,-1.0307338029838988,-1.030492621940264,-1.0340410979663168,-1.0290053010680071,-1.0312593775201195
0.3220440881763527,1.3171425805829562,1.3296068077114147,0.25652665858420487,0.3545296472524587,0.46317355008813554,0.6555493240470575,-1.0309851462805002,-1.030733545505245,-1.0304910631521516,-1.034040848009563,-1.029004889957723,-1.0312548920063587
0.3239679358717435,1.3171162751831484,1.3295574008490831,0.25661672497469656,0.35448054166264825,0.4631910700733885,0.6554585244864095,-1.030983715518144,-1.0307332880905815,-1.0304895101116032,-1.0340405981150544,-1.0290044802877343,-1.0312504064931656
0.3258917835671343,1.3170901753990647,1.3295080022761068,0.25670825687224935,0.3544314406628695,0.4632117790844169,0.6553677334130411,-1.030982291507828,-1.0307330307398939,-1.030487962748612,-1.0340403482827776,-1.0290040720350484,-1.031245920980543
0.32781563126252505,1.3170642810269264,1.3294586119911886,0.2568012772439945,0.35438234425329385,0.4632357091939506,0.6552769508272689,-1.0309808741877535,-1.0307327734531695,-1.0304864210059714,-1.0340400985127194,-1.0290036651866574,-1.0312414354684927
0.32973947895791583,1.3170385893774044,1.3294092299929892,0.25689576378668455,0.35433325243393693,0.4632628234843871,0.655186176729122,-1.030979463488261,-1.030732516230394,-1.0304848848228023,-1.0340398488048665,-1.0290032597300576,-1.0312369499570175
0.3316633266533066,1.3170130834778784,1.3293598562802167,0.25699140468172565,0.35428416520500666,0.4632926388011996,0.6550954111189848,-1.0309780593220648,-1.0307322590715542,-1.0304833541421046,-1.0340395991592055,-1.0290028556630066,-1.0312324644461197
0.3335871743486974,1.31698777109849,1.3293104908515525,0.2570884096924797,0.35423508256659536,0.46332546940527564,0.6550046539970282,-1.030976661632677,-1.0307320019766364,-1.0304818288996045,-1.0340393495757232,-1.0290024529649175,-1.0312279789358028
0.33551102204408817,1.31696265256104,1.329261133705685,0.25718681360279255,0.3541860045188259,0.4633613656012785,0.654913905363479,-1.0309752703612862,-1.030731744945627,-1.0304803090399723,-1.0340391000544062,-1.0290020516227565,-1.0312234934260671
0.33743486973947895,1.3169377268518527,1.329211784841304,0.2572866220664494,0.3541369310618585,0.46340033285363985,0.6548231652186337,-1.0309738854472588,-1.0307314879785123,-1.0304787945081553,-1.0340388505952411,-1.0290016516244682,-1.0312190079169168
0.3393587174348697,1.3169129783864648,1.3291624442570849,0.257387544812194,0.3540878621957844,0.46344192027519815,0.6547324335626611,-1.0309725068077285,-1.0307312310752788,-1.0304772852493986,-1.0340386011982146,-1.0290012529674768,-1.0312145224083535
0.3412825651302605,1.316888411577974,1.329113111951717,0.25748972214176374,0.3540387979206936,0.46348633700633424,0.6546417103957273,-1.0309711343874777,-1.030730974235913,-1.0304757812051204,-1.0340383518633136,-1.0290008556347534,-1.03121003690038
0.3432064128256513,1.3168640278719126,1.329063787923896,0.25759321691453135,0.3539897382367654,0.4635336767448726,0.6545509957181641,-1.03096976812759,-1.0307307174604012,-1.0304742823182282,-1.0340381025905245,-1.0290004596118514,-1.0312055513929983
0.34513026052104206,1.316839826265455,1.329014472172306,0.2576980326594051,0.35394068314413024,0.46358394264482583,0.6544602895302126,-1.0309684079729615,-1.03073046074873,-1.0304727885385092,-1.0340378533798342,-1.02900006488791,-1.0312010658862116
0.34705410821643284,1.3168157973036747,1.3289651646956335,0.25780399961344497,0.3538916326428538,0.46363686963411327,0.6543695918319944,-1.0309670538532505,-1.0307302041008857,-1.0304712998140668,-1.0340376042312296,-1.0289996714570462,-1.0311965803800212
0.3489779559118236,1.3167919372450363,1.3289158654925606,0.25791107980357814,0.3538425867330841,0.46369239134915274,0.654278902623783,-1.03096570570761,-1.0307299475168543,-1.03046981609287,-1.0340373551446964,-1.0289992793094047,-1.0311920948744302
0.3509018036072144,1.316768250335998,1.3288665745617787,0.2580193978314634,0.35379354541494223,0.4637506962335968,0.6541882219058024,-1.0309643634856702,-1.030729690996623,-1.0304683373212367,-1.0340371061202225,-1.028998888429425,-1.031187609369441
0.35282565130260524,1.3167447357038715,1.3288172919019736,0.2581289613846379,0.3537445086885194,0.4638117962079324,0.6540975496782212,-1.030963027131042,-1.0307294345401776,-1.030466863447735,-1.0340368571577938,-1.0289984988056697,-1.0311831238650562
0.354749498997996,1.3167213893572012,1.3287680175118397,0.25823971330518697,0.3536954765540226,0.46387560047697324,0.6540068859414221,-1.0309616965856776,-1.030729178147505,-1.0304653944237014,-1.0340366082573975,-1.0289981104294417,-1.0311786383612775
0.3566733466933868,1.3166982004610686,1.3287187513900547,0.2583514634000189,0.3536464490115084,0.4639418087987832,0.6539162306955097,-1.0309603717801714,-1.0307289218185909,-1.0304639301996101,-1.03403635941902,-1.028997723296149,-1.031174152858108
0.3585971943887776,1.3166751742655671,1.3286694935353112,0.2584643550701399,0.35359742606106415,0.4640106356081398,0.6538255839406457,-1.030959052669491,-1.0307286655534225,-1.0304624707250725,-1.034036110642648,-1.0289973373903984,-1.0311696673555497
0.36052104208416835,1.3166523113376951,1.3286202439462966,0.25857841839883344,0.3535484077028677,0.46408212839115826,0.6537349456771588,-1.0309577392057154,-1.030728409351986,-1.0304610159543108,-1.0340358619282681,-1.0289969527013223,-1.0311651818536052
0.36244488977955913,1.3166296102145478,1.3285710026216935,0.2586936523629381,0.3534993939370113,0.4641562841600482,0.6536443159052197,-1.0309564313340371,-1.0307281532142674,-1.0304595658378923,-1.0340356132758675,-1.0289965692182226,-1.0311606963522768
0.3643687374749499,1.3166070625004431,1.3285217695601919,0.2588099150442905,0.35345038476359564,0.46423287937653296,0.6535536946250144,-1.0309551289923868,-1.0307278971402536,-1.0304581203295156,-1.0340353646854323,-1.028996186935674,-1.0311562108515673
0.3662925851703407,1.3165846649371362,1.3284725447604828,0.258927178759961,0.3534013801827877,0.4643118623160594,0.6534630818368519,-1.0309538321265466,-1.0307276411299306,-1.0304566793821957,-1.0340351161569494,-1.0289958058445927,-1.0311517253514784
0.36821643286573147,1.3165624212202278,1.3284233282212556,0.25904553052754087,0.353352380194701,0.46439336976040896,0.6533724775409417,-1.0309525406946503,-1.0307273851832854,-1.0304552429514597,-1.0340348676904059,-1.0289954259324492,-1.031147239852013
0.37014028056112225,1.3165403310067008,1.3283741199411851,0.2591649851471986,0.35330338479941814,0.4644774220754873,0.653281881737437,-1.0309512546496717,-1.030727129300304,-1.0304538109933674,-1.0340346192857877,-1.0289950471893037,-1.0311427543531735
0.372064128256513,1.3165183927837225,1.328324919918983,0.25928554325967046,0.35325439399709835,0.4645640158431648,0.6531912944266319,-1.0309499739399197,-1.0307268734809731,-1.0304523834611834,-1.0340343709430821,-1.028994669605025,-1.0311382688549624
0.3739879759519038,1.3164965954914303,1.3282757281533073,0.2594070142645377,0.3532054077877513,0.4646528504810982,0.6531007156085445,-1.0309486985018659,-1.0307266177252787,-1.0304509603107084,-1.0340341226622758,-1.0289942931762743,-1.0311337833573813
0.3759118236472946,1.316474941846699,1.3282265446428607,0.2595294717939278,0.35315642617164095,0.46474404072338993,0.6530101452836626,-1.0309474282943583,-1.0307263620332079,-1.0304495414991002,-1.034033874443355,-1.028993917891395,-1.0311292978604334
0.37783567134268536,1.3164534328964892,1.328177369386345,0.2596529573006733,0.3531074491488357,0.46483764949787043,0.6529195834521131,-1.030946163274993,-1.0307261064047464,-1.0304481269846166,-1.034033626286307,-1.0289935437400886,-1.0311248123641212
0.37975951903807614,1.3164320679361026,1.3281282023824252,0.2597774834857075,0.3530584767194285,0.46493369189706507,0.6528290301140676,-1.0309449033961302,-1.030725850839881,-1.0304467167231226,-1.0340333781911182,-1.0289931707123887,-1.0311203268684461
0.3816833667334669,1.3164108453532215,1.328079043629796,0.2599030438979664,0.3530095088834909,0.4650321534726225,0.6527384852696584,-1.0309436486110122,-1.0307255953385983,-1.0304453106724665,-1.0340331301577756,-1.0289927987994327,-1.0311158413734118
0.3836072144288577,1.3163897552152704,1.3280298931271493,0.26002945878695816,0.35296054564120466,0.465132752669415,0.6526479489192214,-1.030942398863382,-1.0307253399008844,-1.0304439087937338,-1.0340328821862654,-1.0289924279986777,-1.03111135587902
0.3855310621242485,1.316368800929872,1.3279807508731758,0.2601568137106789,0.35291158699271286,0.4652356242649541,0.6525574210630216,-1.0309411541141842,-1.030725084526726,-1.03044251104507,-1.0340326342765747,-1.0289920582982037,-1.0311068703852728
0.38745490981963926,1.3163479824885567,1.327931616866554,0.26028513538285825,0.3528626329380738,0.46534080678263845,0.6524669017011665,-1.030939914321334,-1.0307248292161093,-1.0304411173861951,-1.03403238642869,-1.0289916896885805,-1.0311023848921732
0.38937875751503004,1.3163272990858568,1.3278824911059786,0.2604144389025734,0.352813683477391,0.4654483174666241,0.6523763908338477,-1.0309386794379467,-1.0307245739690212,-1.0304397277736137,-1.0340321386425984,-1.028991322159877,-1.0310978993997237
0.3913026052104208,1.3163067494642833,1.3278333735901386,0.2605447199241014,0.3527647386108456,0.46555814690459735,0.6522858884613999,-1.0309374494225805,-1.0307243187854473,-1.030438342169463,-1.034031890918286,-1.0289909557041896,-1.031093413907926
0.3932264529058116,1.3162863262433215,1.3277842643177151,0.26067583744501827,0.352715798338439,0.46567007847835423,0.6521953945838259,-1.0309362242265592,-1.0307240636653747,-1.0304369605384853,-1.03403164325574,-1.0289905903183767,-1.0310889284167828
0.39515030060120243,1.3162660300166567,1.3277351632874028,0.2608078236717467,0.3526668626604295,0.465784159984775,0.6521049092016031,-1.0309350038113574,-1.0307238086087895,-1.0304355828428742,-1.0340313956549467,-1.0289902259933164,-1.0310844429262966
0.3970741482965932,1.3162458616597654,1.3276860704978906,0.26094072651200223,0.3526179315768457,0.4659004602435159,0.6520144323147846,-1.0309337881359426,-1.0307235536156787,-1.0304342090419742,-1.0340311481158935,-1.0289898627187484,-1.03107995743647
0.398997995991984,1.3162258201662407,1.3276369859478654,0.26107454927592155,0.35256900508780337,0.46601898221538846,0.6519239639235845,-1.030932577159948,-1.0307232986860282,-1.0304328390984474,-1.0340309006385664,-1.0289895004866174,-1.0310754719473045
0.40092184368737477,1.3162059049502872,1.327587909636018,0.2612092994372448,0.3525200831934357,0.46613973715175483,0.6518335040282489,-1.0309313708429142,-1.0307230438198245,-1.0304314729745292,-1.0340306532229526,-1.0289891392885013,-1.0310709864588037
0.40284569138276555,1.3161861117888345,1.3275388415610196,0.26134490511731573,0.35247116589383226,0.4662626141413236,0.6517430526289435,-1.0309301691413235,-1.0307227890170543,-1.0304301106349658,-1.0340304058690386,-1.0289887791190708,-1.0310665009709692
0.4047695390781563,1.316166435952845,1.327489781721583,0.26148128989792413,0.3524222531891002,0.4663874923593017,0.6516526097258665,-1.030928972010218,-1.0307225342777038,-1.0304287520437072,-1.034030158576811,-1.0289884199730146,-1.031062015483803
0.4066933867735471,1.31614688001981,1.3274407301163904,0.2616185372801212,0.35237334507940504,0.46651449439639164,0.6515621753193237,-1.0309277794140452,-1.0307222796017597,-1.030427397162442,-1.0340299113462568,-1.0289880618395246,-1.0310575299973086
0.4086172344689379,1.3161274436120816,1.3273916867441213,0.26175665051477426,0.3523244415648412,0.4666436266156817,0.6514717494094899,-1.0309265913167631,-1.0307220249892084,-1.0304260459572503,-1.0340296641773625,-1.0289877047111577,-1.031053044511488
0.41054108216432866,1.3161081262150658,1.3273426516034672,0.2618956347983856,0.35227554264544453,0.46677489647133513,0.6513813319964313,-1.030925407682765,-1.0307217704400358,-1.030424698394543,-1.034029417070115,-1.0289873485805774,-1.031048559026343
0.41246492985971944,1.31608892640127,1.3272936246931326,0.2620354816929778,0.35222664832144474,0.46690828882929997,0.6512909230805728,-1.0309242284755233,-1.0307215159542293,-1.0304233544409487,-1.034029170024501,-1.0289869934410392,-1.0310440735418769
0.4143887775551102,1.3160698384320992,1.3272446060117857,0.2621760970009689,0.3521777585928621,0.4670436553906525,0.6512005226619517,-1.0309230536507283,-1.0307212615317745,-1.0304220140622617,-1.034028923040507,-1.0289866392882687,-1.0310395880580911
0.416312625250501,1.316050861551449,1.3271955955581203,0.2623174874513724,0.35212887345983673,0.46718100411971464,0.6511101307408274,-1.0309218831703808,-1.0307210071726582,-1.0304206772229643,-1.0340286761181203,-1.0289862861144108,-1.031035102574989
0.4182364729458918,1.3160319971855352,1.3271465933308255,0.26245969410210457,0.3520799929225013,0.4673203998423328,0.6510197473174448,-1.0309207170019736,-1.0307207528768674,-1.030419343889723,-1.034028429257327,-1.0289859339109184,-1.0310306170925718
0.42016032064128256,1.3160132444410233,1.3270975993286043,0.26260271578950883,0.35203111698094575,0.46746183961049137,0.6509293723919704,-1.0309195551097257,-1.0307204986443874,-1.0304180140292964,-1.034028182458114,-1.0289855826706873,-1.0310261316108429
0.42208416833667334,1.3159946027881972,1.3270486135501258,0.262746564800848,0.3519822456352627,0.467605338418984,0.6508390059645754,-1.0309183974585039,-1.0307202444752055,-1.030416687608264,-1.0340279357204682,-1.0289852323862383,-1.0310216461298043
0.4240080160320641,1.3159760706307213,1.3269996359940865,0.2628912276941456,0.35193337888556975,0.46775087304129087,0.6507486480354774,-1.0309172440133558,-1.030719990369308,-1.0304153645949479,-1.0340276890443763,-1.0289848830513233,-1.0310171606494583
0.4259318637274549,1.3159576433871947,1.3269506666591773,0.26303662217749985,0.3518845167320047,0.46789831714841706,0.6506582986049311,-1.0309160947342966,-1.0307197363266816,-1.0304140449578143,-1.0340274424298248,-1.0289845346617181,-1.031012675169807
0.4278557114228457,1.315939320544125,1.3269017055440895,0.2631827500665884,0.35183565917464793,0.46804767420292004,0.6505679576730851,-1.0309149495894736,-1.030719482347312,-1.0304127286666511,-1.034027195876801,-1.0289841872109537,-1.0310081896908534
0.42977955911823645,1.3159211027161404,1.3268527526475058,0.26332964400424824,0.351786806213631,0.4681989929309628,0.6504776252401826,-1.0309138085498166,-1.0307192284311864,-1.0304114156917168,-1.034026949385291,-1.028983840691857,-1.0310037042125997
0.43170340681362723,1.3159029888006306,1.326803807968116,0.26347730858640733,0.35173795784902323,0.4683522763013548,0.650387301306352,-1.0309126715778052,-1.0307189745782908,-1.0304101059982413,-1.0340267029552817,-1.028983495096783,-1.0309992187350479
0.433627254509018,1.3158849784374094,1.3267548715046185,0.26362575093019575,0.3516891140809949,0.4685075353163976,0.650296985871908,-1.0309115386401526,-1.030718720788612,-1.0304087995545548,-1.0340264565867598,-1.0289831504186524,-1.0309947332582008
0.4355511022044088,1.315867070478134,1.3267059432556882,0.2637749590775073,0.35164027490959665,0.4686647523673284,0.6502066789369443,-1.030910409704596,-1.0307184670621363,-1.0304074963310206,-1.0340262102797126,-1.0289828066515037,-1.0309902477820607
0.4374749498997996,1.315849262921433,1.3266570232200252,0.26392490582562295,0.3515914403349328,0.4688238849018922,0.6501163805016537,-1.0309092847403236,-1.0307182133988502,-1.0304061963002422,-1.0340259640341263,-1.0289824637905358,-1.0309857623066296
0.4393987975951904,1.315831551842636,1.3266081113963224,0.264075527531585,0.35154261035718654,0.46898483306642247,0.650026090566375,-1.0309081637096462,-1.0307179597987401,-1.0304048994315498,-1.0340257178499876,-1.0289821218311903,-1.0309812768319102
0.4413226452905812,1.315813938690823,1.3265592077832475,0.2642268780145492,0.3514937849763701,0.46914767568337495,0.6499358091311309,-1.0309070465839676,-1.0307177062617925,-1.0304036056943695,-1.0340254717272832,-1.028981780765351,-1.0309767913579049
0.44324649298597196,1.3157964232126582,1.326510312379519,0.2643789603563311,0.3514449641926369,0.4693124196126298,0.6498455361962049,-1.0309059333346022,-1.030717452787994,-1.030402315061013,-1.0340252256660005,-1.0289814405870346,-1.0309723058846159
0.44517034068136274,1.3157790047327356,1.3264614251838085,0.2645317736853458,0.3513961480060903,0.469479063518598,0.6497552717617883,-1.030904823932219,-1.0307171993773312,-1.030401027503612,-1.0340249796661254,-1.0289811012903969,-1.0309678204120454
0.4470941883767535,1.3157616823600775,1.3264125461948129,0.2646853147617455,0.3513473364168752,0.4696476014239623,0.6496650158281488,-1.030903718351641,-1.03071694602979,-1.0303997429978875,-1.0340247337276454,-1.0289807628708034,-1.0309633349401963
0.4490180360721443,1.3157444548158364,1.3263636754112158,0.2648395778459875,0.35129852942498896,0.46981802235819065,0.6495747683952818,-1.0309026165588198,-1.0307166927453573,-1.0303984615125885,-1.0340244878505467,-1.0289804253216739,-1.0309588494690705
0.4509418837675351,1.3157273197935093,1.326314812831708,0.26499453534113865,0.3512497270306308,0.4699902823981473,0.6494845294635554,-1.0309015185167438,-1.0307164395240196,-1.0303971830154353,-1.0340242420348162,-1.0289800886367626,-1.0309543639986705
0.45286573146292586,1.3157102746672502,1.326265958454978,0.2651501392997891,0.35120092923383983,0.4701643107080361,0.6493942990330422,-1.0309004241949413,-1.0307161863657632,-1.030395907480568,-1.0340239962804407,-1.028979752812093,-1.0309498785289986
0.45478957915831664,1.3156933205775656,1.3262171122797364,0.2653064284595626,0.351152136034842,0.4703401663499104,0.6493040771041598,-1.0308993335675947,-1.0307159332705749,-1.0303946348805475,-1.034023750587407,-1.02897941784069,-1.0309453930600572
0.4567134268537074,1.3156764570468755,1.3261682743046386,0.2654634090279358,0.3511033474335972,0.47051785754948566,0.6492138636768341,-1.0308982466063692,-1.0307156802384407,-1.0303933651879795,-1.0340235049557018,-1.0289790837166053,-1.030940907591849
0.4586372745490982,1.3156596832118108,1.326119444528395,0.26562108333143214,0.3510545634302849,0.470697384836224,0.6491236587513969,-1.0308971632824064,-1.0307154272693473,-1.0303920983753876,-1.0340232593853118,-1.028978750434058,-1.030936422124376
0.460561122244489,1.315642998577123,1.3260706229496995,0.26577945288126414,0.3510057840250293,0.4708787513090184,0.6490334623280778,-1.0308960835679473,-1.0307151743632812,-1.0303908344160995,-1.034023013876224,-1.0289784179873347,-1.0309319366576404
0.46248496993987975,1.3156264019432713,1.3260218095672245,0.26593850186738754,0.3509570092178603,0.4710619342357572,0.6489432744069323,-1.0308950074387457,-1.030714921520229,-1.0303895732873458,-1.0340227684284249,-1.0289780863723932,-1.0309274511916444
0.46440881763527053,1.3156098927262851,1.3259730043796762,0.2660982314352475,0.3509082390089247,0.4712469349339296,0.6488530949882316,-1.0308939348699078,-1.0307146687401771,-1.0303883149647841,-1.0340225230419011,-1.028977755584274,-1.0309229657263914
0.4663326653306613,1.3155934678923509,1.3259242073857396,0.26625859173708066,0.3508594733983701,0.47143367571138695,0.6487629240722489,-1.030892865833638,-1.0307144160231119,-1.0303870594249285,-1.03402227771664,-1.028977425619863,-1.030918480261883
0.4682565130260521,1.3155771268690202,1.325875418584105,0.26641959175841856,0.35081071238622963,0.4716221680953128,0.6486727616590452,-1.0308918002990506,-1.0307141633690198,-1.0303858066383536,-1.0340220324526275,-1.0289770964725151,-1.030913994798121
0.47018036072144287,1.315560869903278,1.3258266379734511,0.26658124563828245,0.3507619559725525,0.4718124359471043,0.6485826077487116,-1.0308907382398924,-1.0307139107778873,-1.0303845565787888,-1.0340217872498512,-1.0289767681360924,-1.0309095093351088
0.47210420841683365,1.315544696462352,1.3257778655524879,0.2667435544973809,0.35071320415759005,0.4720044820731334,0.6484924623417128,-1.0308896796284515,-1.0307136582497014,-1.0303833092197132,-1.0340215421082972,-1.0289764406048751,-1.0309050238728483
0.4740280561122244,1.3155286057754136,1.325729101319893,0.2669065169924123,0.3506644569413499,0.4721983047088064,0.6484023254380629,-1.0308886244374813,-1.0307134057844478,-1.0303820645351573,-1.0340212970279525,-1.028976113873397,-1.0309005384113417
0.4759519038076152,1.3155125970183692,1.3256803452743657,0.2670701324359969,0.3506157143239582,0.472393901471753,0.6483121970379954,-1.0308875726415163,-1.0307131533821137,-1.0303808225005617,-1.0340210520088042,-1.0289757879366934,-1.0308960529505915
0.477875751503006,1.3154966693890306,1.3256315974145834,0.26723439806432814,0.350566976305535,0.47259126694718684,0.6482220771417317,-1.0308865242187828,-1.030712901042685,-1.0303795830944067,-1.0340208070508385,-1.0289754627907197,-1.0308915674906003
0.4797995991983968,1.3154808221258376,1.3255828577392528,0.2673993090302414,0.3505182428861401,0.47279039496529435,0.648131965749383,-1.0308854791438986,-1.0307126487661489,-1.030378346292399,-1.0340205621540426,-1.0289751384305441,-1.03088708203137
0.4817234468937876,1.3154650539850294,1.325534126247046,0.2675648481461576,0.3504695140658621,0.47299126040035633,0.6480418628611129,-1.0308844373935873,-1.0307123965524911,-1.0303771120726517,-1.0340203173184033,-1.0289748148523177,-1.030882596572903
0.4836472945891784,1.3154493627313997,1.3254854029366672,0.26773098075258306,0.35042078984482994,0.4731938108907715,0.6479517684771597,-1.0308833989398285,-1.0307121444016987,-1.030375880410658,-1.034020072543907,-1.0289744920519683,-1.0308781111152023
0.48557114228456916,1.315433748817756,1.3254366878068093,0.26789773162509894,0.35037207022318967,0.4733980836073027,0.6478616825977935,-1.0308823637611975,-1.030711892313758,-1.030374651283498,-1.0340198278305406,-1.0289741700241442,-1.0308736256582693
0.48749498997995994,1.3154182117987574,1.3253879808561513,0.2680651083507751,0.3503233552009619,0.4736040886860521,0.6477716052230525,-1.0308813318318693,-1.0307116402886554,-1.0303734246658847,-1.034019583178291,-1.0289738487632953,-1.0308691402021068
0.4894188376753507,1.3154027509308306,1.3253392820833871,0.2682331034062072,0.3502746447782834,0.47381181751382245,0.6476815363531896,-1.0308803031266005,-1.0307113883263774,-1.0303722005338445,-1.0340193385871448,-1.0289735282645247,-1.0308646547467173
0.4913426853707415,1.3153873657977913,1.3252905914872202,0.26840171868049517,0.3502259389552477,0.47402127422406987,0.6475914759883776,-1.0308792776226061,-1.0307111364269106,-1.0303709788647515,-1.034019094057089,-1.0289732085231287,-1.0308601692921027
0.4932665330661323,1.3153720556714978,1.325241909066324,0.2685709508749362,0.3501772377319801,0.4742324536449129,0.6475014241288485,-1.0308782552982982,-1.0307108845902415,-1.0303697596372465,-1.0340188495881102,-1.0289728895350096,-1.0308556838382659
0.49519038076152305,1.315356819836977,1.3251932348193927,0.2687407994523681,0.35012854110852254,0.47444535428179835,0.6474113807746793,-1.0308772361301233,-1.0307106328163564,-1.030368542828348,-1.0340186051801954,-1.0289725712955016,-1.0308511983852089
0.49711422845691383,1.31534165761507,1.3251445687451266,0.2689112638755083,0.35007984908502493,0.4746599752923421,0.6473213459261478,-1.0308762200943147,-1.0307103811052423,-1.0303673284148904,-1.034018360833331,-1.0289722537998307,-1.030846712932934
0.4990380761523046,1.315326568110392,1.3250959108422158,0.2690823350881198,0.350031161661576,0.4748763044067917,0.6472313195834176,-1.030875207169921,-1.030710129456885,-1.0303661163763853,-1.0340181165475042,-1.0289719370442778,-1.0308422274814433
0.5009619238476954,1.3153115500543247,1.3250472611093331,0.26925399535986255,0.34998247883822947,0.47509431673897373,0.6471413017465883,-1.030874197332347,-1.0307098778712716,-1.030364906690014,-1.0340178723227016,-1.0289716210245687,-1.0308377420307397
0.5028857715430862,1.315296602054318,1.324998619545198,0.2694262257660245,0.34993380061513474,0.47531398443372996,0.6470512924159362,-1.0308731905602995,-1.0307096263483884,-1.0303636993356147,-1.0340176281589095,-1.028971305737382,-1.0308332565808254
0.504809619238477,1.3152817244044521,1.3249499861484786,0.2695990460804856,0.3498851269923414,0.47553533807322945,0.6469612915915527,-1.030872186830603,-1.030709374888222,-1.0303624942893086,-1.0340173840561155,-1.0289709911770475,-1.0308287711317026
0.5067334669338678,1.3152669166520319,1.3249013609178792,0.26977246218258255,0.3498364579700284,0.4757583847691118,0.6468712992737689,-1.0308711861248838,-1.0307091234907586,-1.0303612915317402,-1.034017140014306,-1.0289706773398524,-1.0308242856833731
0.5086573146292586,1.3152521784011282,1.3248527438520852,0.26994647436245045,0.34978779354819667,0.4759831267834799,0.6467813154625864,-1.0308701884230624,-1.0307088721559852,-1.030360091042509,-1.034016896033468,-1.028970364221737,-1.0308198002358402
0.5105811623246493,1.3152375088117405,1.3248041349497877,0.2701210750081047,0.3497391337270127,0.4762095556557435,0.6466913401583132,-1.0308691936984071,-1.0307086208838876,-1.0303588927966552,-1.034016652113588,-1.0289700518173541,-1.0308153147891057
0.5125050100200401,1.315222907185103,1.324755534209681,0.2702962596380607,0.34969047850652474,0.47643766600613685,0.6466013733610385,-1.0308682019317026,-1.0307083696744532,-1.0303576967747832,-1.0340164082546528,-1.0289697401231332,-1.0308108293431721
0.5144288577154309,1.3152083729895463,1.3247069416304533,0.27047202810537446,0.3496418278868372,0.47666745808812394,0.6465114150709553,-1.0308672131046652,-1.0307081185276676,-1.030356502957951,-1.0340161644566492,-1.0289694291355356,-1.0308063438980417
0.5163527054108217,1.3151939055533557,1.3246583572107957,0.27064838068250074,0.349593181868061,0.4768989321333455,0.6464214652882687,-1.0308662271944462,-1.0307078674435182,-1.0303553113237247,-1.0340159207195645,-1.0289691188499337,-1.0308018584537169
0.5182765531062125,1.3151795046539316,1.3246097809494009,0.27082532332447595,0.349544540450296,0.4771320967821073,0.6463315240131634,-1.0308652441870263,-1.030707616421991,-1.0303541218560175,-1.0340156770433846,-1.0289688092635554,-1.0307973730101994
0.5202004008016032,1.315165169320207,1.3245612128449655,0.2710028437544695,0.3494959036336206,0.4773669369415352,0.6462415912457843,-1.0308642640577128,-1.0307073654630725,-1.0303529345317255,-1.034015433428097,-1.0289685003717093,-1.0307928875674925
0.522124248496994,1.315150899022135,1.3245126528961748,0.27118094064928194,0.349447271418143,0.47760345282713595,0.6461516669863314,-1.0308632867847125,-1.0307071145667495,-1.0303517493293315,-1.0340151898736882,-1.0289681921699556,-1.030788402125598
0.5240480961923848,1.315136692696526,1.3244641011017355,0.2713596015587527,0.349398643803976,0.47784162751009435,0.6460617512350135,-1.030862312346118,-1.0307068637330083,-1.0303505662279127,-1.0340149463801453,-1.0289678846543562,-1.0307839166845183
0.5259719438877756,1.3151225491406784,1.3244155574603103,0.27153881176748046,0.34935002079112576,0.47808143949169307,0.6459718439918417,-1.0308613407232394,-1.0307066129618354,-1.030349385209069,-1.0340147029474547,-1.0289675778219791,-1.0307794312442553
0.5278957915831664,1.3151084686254872,1.3243670219706125,0.2717185912065444,0.3493014023797894,0.4783229177956577,0.6458819452571808,-1.0308603719008045,-1.0307063622532175,-1.0303482062549507,-1.0340144595756031,-1.0289672716690792,-1.030774945804812
0.5298196392785571,1.315094450670914,1.324318494631332,0.27189893801330517,0.34925278856997866,0.47856606210112723,0.6457920550310523,-1.03085940585949,-1.0307061116071412,-1.0303470293459283,-1.034014216264578,-1.028966966191793,-1.0307704603661907
0.5317434869739479,1.3150804946451298,1.3242699754411584,0.2720798472787111,0.3492041793618925,0.4788108685232157,0.6457021733138241,-1.03085844257685,-1.0307058610235924,-1.0303458544602546,-1.0340139730143654,-1.0289666613855883,-1.0307659749283928
0.5336673346693387,1.315066600332514,1.3242214643987704,0.2722613236326686,0.34915557475549347,0.4790573448218602,0.645612300105427,-1.0308574820394092,-1.0307056105025585,-1.0303446815822783,-1.0340137298249525,-1.0289663572478187,-1.0307614894914219
0.5355911823647295,1.3150527668626235,1.3241729615028845,0.2724433593298239,0.3491069747509338,0.4793054822535958,0.6455224354061425,-1.0308565242231236,-1.0307053600440257,-1.0303435106892709,-1.0340134866963264,-1.028966053773732,-1.0307570040552794
0.5375150300601202,1.3150389936699312,1.3241244667521765,0.2726259540400408,0.3490583793483802,0.47955528099105077,0.645432579216279,-1.0308555691106793,-1.0307051096479798,-1.030342341763042,-1.0340132436284735,-1.0289657509599706,-1.0307525186199678
0.539438877755511,1.3150252804614515,1.324075980145344,0.27280911245525097,0.34900978854779774,0.47980674770012055,0.6453427315357715,-1.0308546166889638,-1.0307048593144086,-1.0303411747881805,-1.0340130006213806,-1.0289654488040154,-1.03074803318549
0.5413627254509018,1.3150116263434155,1.324027501681079,0.2729928241278689,0.34896120234932726,0.48005987146972806,0.6452528923648808,-1.0308536669322599,-1.0307046090432979,-1.0303400097409126,-1.0340127576750342,-1.0289651473007384,-1.0307435477518476
0.5432865731462926,1.3149980309852856,1.3239790313580724,0.27317709006469265,0.34891262075306956,0.48031465590217987,0.6451630617037931,-1.0308527198255617,-1.030704358834634,-1.0303388466046568,-1.034012514789422,-1.0289648464471672,-1.0307390623190427
0.5452104208416834,1.3149844939708184,1.3239305691750145,0.2733619107362255,0.34886404375910096,0.4805711034741286,0.6450732395526496,-1.0308517753518207,-1.0307041086884043,-1.0303376853613682,-1.0340122719645304,-1.028964546239899,-1.0307345768870786
0.5471342685370741,1.314971015006824,1.323882115130604,0.27354728940389783,0.3488154713675721,0.48082921991238536,0.644983425911729,-1.030850833497163,-1.0307038586045945,-1.030336525995122,-1.0340120292003459,-1.0289642466761793,-1.0307300914559567
0.5490581162324649,1.3149575933707442,1.3238336692235333,0.2737332220626184,0.3487669035784983,0.4810890007670601,0.6448936207810593,-1.030849894242359,-1.0307036085831915,-1.030335368486551,-1.0340117864968554,-1.0289639477523318,-1.0307256060256802
0.5509819639278557,1.3149442282727486,1.3237852314524783,0.27391970291304557,0.348718340391987,0.4813504407858709,0.6448038241608393,-1.030848957565207,-1.0307033586241818,-1.0303342128142627,-1.034011543854046,-1.0289636494639078,-1.0307211205962503
0.5529058116232465,1.3149309192490475,1.3237368018161513,0.27410673002328495,0.3486697818081526,0.4816135401876169,0.6447140360512805,-1.0308480234483466,-1.030703108727552,-1.0303330589601412,-1.0340113012719043,-1.0289633518074686,-1.0307166351676704
0.5548296593186373,1.314917666105525,1.3236883803132347,0.27429430680891076,0.34862122782705124,0.48187830553586153,0.6446242564524868,-1.0308470918798596,-1.0307028588932885,-1.0303319069096557,-1.0340110587504174,-1.0289630547806956,-1.030712149739942
0.556753507014028,1.3149044684702444,1.3236399669424248,0.27448243457964094,0.3485726784487732,0.4821447406494168,0.6445344853646252,-1.0308461628439167,-1.0307026091213778,-1.0303307566455744,-1.0340108162895716,-1.028962758380419,-1.030707664313068
0.5586773547094188,1.314891325673056,1.3235915617024163,0.27467110801325123,0.34852413367344853,0.4824128410954783,0.6444447227879359,-1.03084523632238,-1.0307023594118065,-1.0303296081494255,-1.0340105738893544,-1.0289624626031617,-1.03070317888705
0.5606012024048096,1.3148782371297585,1.3235431645918962,0.2748603244407484,0.34847559350115487,0.482682604668213,0.6443549687225627,-1.030844312299843,-1.0307021097645612,-1.0303284614045027,-1.034010331549752,-1.0289621674460703,-1.0306986934618911
0.5625250501002004,1.3148652019650695,1.323494775609559,0.2750500764581196,0.34842705793193957,0.48295402324200043,0.6442652231685931,-1.0308433907548609,-1.0307018601796287,-1.0303273163900748,-1.0340100892707516,-1.028961872904952,-1.030694208037593
0.5644488977955912,1.3148522202942874,1.323446394754104,0.27524037448260713,0.34837852696589705,0.48322711345589603,0.6441754861262016,-1.0308424716780191,-1.0307016106569953,-1.0303261730929707,-1.0340098470523396,-1.0289615789777868,-1.030689722614158
0.5663727454909819,1.3148392915373286,1.3233980220242194,0.27543121390209413,0.34833000060316655,0.4835018726500803,0.6440857575956457,-1.0308415550497503,-1.0307013611966473,-1.0303250314936463,-1.0340096048945033,-1.0289612856606467,-1.030685237191589
0.5682965931863727,1.3148264152242797,1.32334965741859,0.27562259311567217,0.34828147884381266,0.4837783022543849,0.643996037577045,-1.0308406408523705,-1.0307011117985716,-1.0303238915737498,-1.0340093627972293,-1.0289609929499257,-1.0306807517698882
0.5702204408817635,1.3148135910241796,1.3233013009359231,0.27581451357753495,0.34823296168785933,0.48405640683657014,0.6439063260704436,-1.030839729072271,-1.0307008624627547,-1.0303227533176453,-1.0340091207605047,-1.0289607008429473,-1.0306762663490572
0.5721442885771543,1.314800818572756,1.323252952574904,0.27600697670452967,0.348184449135495,0.4843361905395098,0.64381662307619,-1.0308388196965252,-1.030700613189183,-1.0303216167101117,-1.034008878784316,-1.0289604093372626,-1.0306717809290986
0.574068136272545,1.3147880974142772,1.323204612334222,0.27619998284162756,0.3481359411867211,0.48461765598546863,0.6437269285942867,-1.0308379127089504,-1.030700363977843,-1.0303204817336793,-1.03400863686865,-1.0289601184296113,-1.0306672955100151
0.5759919839679358,1.3147754267571443,1.3231562802125818,0.2763935249078122,0.34808743784171214,0.4849007973272037,0.6436372426250566,-1.0308370080888074,-1.0307001148287216,-1.0303193483682267,-1.0340083950134935,-1.0289598281158867,-1.0306628100918083
0.5779158316633266,1.3147628063148842,1.3231079562086654,0.27658760339647553,0.3480389391004574,0.4851856189746805,0.6435475651684798,-1.0308361058228495,-1.0306998657418054,-1.0303182165983773,-1.0340081532188337,-1.0289595383934835,-1.0306583246744814
0.5798396793587174,1.3147502358762369,1.3230596403211796,0.276782221916541,0.34799044496308934,0.48547212835241643,0.6434578962248012,-1.030835205899044,-1.0306996167170803,-1.0303170864093518,-1.0340079114846572,-1.0289592492600137,-1.030653839258036
0.5817635270541082,1.3147377151145325,1.3230113325488044,0.2769773818276002,0.347941955429732,0.48576033025069143,0.6433682357942502,-1.0308343083040703,-1.0306993677545335,-1.0303159577856627,-1.0340076698109508,-1.028958960712835,-1.0306493538424746
0.5836873747494989,1.314725243445188,1.322963032890232,0.2771730791194918,0.3478934705004072,0.4860502231706321,0.643278583876867,-1.0308334130222636,-1.030699118854151,-1.0303148307104597,-1.0340074281977016,-1.028958672748996,-1.0306448684277996
0.5856112224448898,1.314712820228421,1.32291474134417,0.27736930941033544,0.3478449901752023,0.48634180526034393,0.6431889404728135,-1.0308325200337527,-1.0306988700159199,-1.0303137051640603,-1.034007186644896,-1.02895838536443,-1.0306403830140132
0.5875350701402806,1.314700445495933,1.3228664579093008,0.2775660826054211,0.3477965144542524,0.4866350915821601,0.643099305582339,-1.0308316293303423,-1.0306986212398266,-1.0303125811339493,-1.0340069451525211,-1.0289580985574545,-1.0306358976011174
0.5894589178356714,1.3146881186239776,1.322818182584318,0.27776339420386076,0.3477480433375861,0.48693007996643234,0.6430096792054967,-1.0308307408951112,-1.0306983725258578,-1.030311458602476,-1.0340067037205638,-1.028957812324796,-1.0306314121891151
0.5913827655310622,1.3146758391007116,1.322769915367918,0.27796123991512345,0.34769957682532865,0.4872267694895707,0.6429200613425182,-1.0308298547121528,-1.0306981238739996,-1.0303103375526774,-1.0340064623490108,-1.0289575266633233,-1.0306269267780082
0.593306613226453,1.314663606887652,1.3227216562587998,0.2781596266705728,0.34765111491753825,0.4875251722786451,0.6428304519935111,-1.0308289707715526,-1.0306978752842388,-1.0303092179709672,-1.034006221037849,-1.028957241571009,-1.0306224413677987
0.5952304609218437,1.3146514217414842,1.3226734052556464,0.2783585572031106,0.3476026576143117,0.4878252952533249,0.6427408511586543,-1.03082808906139,-1.0306976267565622,-1.0303080998426155,-1.034005979787065,-1.028956957045481,-1.0306179559584892
0.5971543086172345,1.3146392829225124,1.3226251623571605,0.2785580236304154,0.34755420491572364,0.4881271330883263,0.6426512588380858,-1.0308272095620405,-1.0306973782909559,-1.0303069831483513,-1.0340057385966464,-1.0289566730828519,-1.0306134705500825
0.5990781563126253,1.3146271897910615,1.322576927562032,0.27875802064091754,0.347505756821862,0.48843068331339773,0.6425616750319684,-1.0308263322559732,-1.030697129887407,-1.0303058678701913,-1.034005497466579,-1.0289563896796372,-1.0306089851425804
0.6010020040080161,1.314615142324967,1.322528700868955,0.2789585558707935,0.3474573133327803,0.4887359586926778,0.6424720997404008,-1.0308254571360778,-1.0306968815459019,-1.030304753996307,-1.0340052563968503,-1.0289561068345265,-1.0306044997359844
0.6029258517034068,1.3146031402266984,1.3224804822766243,0.27915963249094033,0.34740887444863033,0.48904296652381996,0.6423825329636638,-1.0308245841897086,-1.0306966332664267,-1.0303036415114184,-1.0340050153874472,-1.02895582454498,-1.030600014330298
0.6048496993987976,1.3145911829255001,1.3224322717837362,0.27936124568162857,0.3473604401694472,0.48935170614124396,0.6422929747018223,-1.0308237134002598,-1.0306963850489688,-1.0303025303981062,-1.0340047744383563,-1.0289555428077057,-1.0305955289255235
0.6067735470941884,1.3145792700584062,1.3223840693889783,0.2795633945889244,0.3473120104953379,0.48966218135421025,0.6422034249550741,-1.0308228447541679,-1.030696136893514,-1.030301420640755,-1.0340045335495645,-1.0289552616200286,-1.0305910435216619
0.6086973947895792,1.314567401594456,1.3223358750910486,0.27976608654379276,0.34726358542629066,0.4899744050169566,0.6421138837233975,-1.0308219782421344,-1.0306958888000495,-1.0303003122259962,-1.0340042927210589,-1.0289549809800196,-1.0305865581187168
0.61062124248497,1.3145555769001183,1.3222876888886426,0.2799693155152075,0.3472151649624875,0.4902883750917279,0.6420243510071291,-1.0308211138467098,-1.0306956407685612,-1.0302992051359379,-1.0340040519528257,-1.0289547008842177,-1.03058207271669
0.6125450901803607,1.3145437956338644,1.322239510780456,0.2801730818245839,0.34716674910400236,0.49060409667341215,0.6419348268064055,-1.0308202515556102,-1.0306953927990365,-1.0302980993556912,-1.0340038112448524,-1.0289544213302415,-1.0305775873155836
0.6144689378757515,1.3145320577073139,1.3221913407651746,0.28037739151214913,0.347118337850881,0.49092158101986927,0.6418453111213114,-1.0308193913609398,-1.0306951448914614,-1.0302969948728005,-1.0340035705971256,-1.0289541423165998,-1.0305731019153999
0.6163927855711423,1.3145203627740385,1.3221431788415037,0.2805822453177422,0.34706993120320245,0.4912408335900702,0.6417558039519929,-1.0308185332502187,-1.0306948970458225,-1.0302958916721232,-1.0340033300096325,-1.0289538638408697,-1.0305686165161414
0.6183166332665331,1.3145087100670259,1.3220950250081316,0.28078763495962084,0.3470215291610731,0.49156184994724283,0.6416663052986467,-1.0308176772040032,-1.0306946492621065,-1.0302947897346157,-1.034003089482359,-1.0289535858991168,-1.0305641311178106
0.6202404809619239,1.3144970993920295,1.3220468792637579,0.2809935650714657,0.34697313172457933,0.4918846400617451,0.6415768151614326,-1.0308168232126025,-1.0306944015403001,-1.0302936890466818,-1.034002849015293,-1.0289533084895048,-1.030559645720409
0.6221643286573146,1.3144855306689103,1.3219987416070664,0.281200040866637,0.3469247388937431,0.49220921542107116,0.6414873335403911,-1.0308159712681624,-1.03069415388039,-1.0302925895958372,-1.0340026086084213,-1.028953031610552,-1.0305551603239393
0.6240881763527054,1.3144740032696562,1.321950612036767,0.28140705601316746,0.3468763506687192,0.4925355749022789,0.6413978604358085,-1.0308151213521248,-1.0306939062823621,-1.0302914913634973,-1.03400236826173,-1.0289527552584583,-1.0305506749284041
0.6260120240480962,1.3144625169374977,1.3219024905515404,0.2816146124388776,0.34682796704950053,0.4928637259985131,0.6413083958476716,-1.0308142734535342,-1.0306936587462037,-1.0302903943354036,-1.0340021279752065,-1.0289524794310672,-1.0305461895338053
0.627935871743487,1.3144510715388928,1.3218543771500861,0.28182271501685546,0.34677958803624676,0.4931936791999022,0.6412189397762758,-1.030813427563156,-1.030693411271901,-1.0302892984981589,-1.0340018877488377,-1.0289522041265822,-1.030541704140145
0.6298597194388778,1.3144396662969935,1.3218062718311017,0.28203135379350225,0.3467312136289904,0.49352542835020763,0.6411294922216809,-1.03081258366434,-1.030693163859441,-1.0302882038345358,-1.0340016475826102,-1.0289519293418696,-1.030537218747426
0.6317835671342685,1.3144283010692421,1.3217581745932792,0.2822405333972313,0.3466828438278207,0.4938589850429059,0.6410400531840523,-1.030811741745944,-1.03069291650881,-1.030287110330004,-1.0340014074765111,-1.028951655074592,-1.0305327333556498
0.6337074148296593,1.314416975887378,1.321710085435312,0.28245026258503325,0.34663447863278074,0.49419436560101965,0.6409506226634694,-1.0308109018002514,-1.0306926692199945,-1.0302860179718514,-1.0340011674305272,-1.0289513813231637,-1.0305282479648197
0.6356312625250501,1.3144056904678842,1.3216620043559013,0.2826605429989202,0.346586118044044,0.49453157803019715,0.6408612006602531,-1.030810063816463,-1.0306924219929812,-1.030284926745806,-1.0340009274446451,-1.0289511080854898,-1.030523762574937
0.6375551102204409,1.3143944442053461,1.321613931353741,0.2828713696420658,0.34653776206158393,0.49487062271697474,0.6407717871743542,-1.0308092277767826,-1.0306921748277567,-1.0302838366336928,-1.0340006875188519,-1.0289508353578891,-1.0305192771860048
0.6394789579158316,1.3143832370111326,1.3215658664275205,0.28308274791898536,0.34648941068554423,0.49521151162532884,0.6406823822060387,-1.03080839367422,-1.0306919277243076,-1.030282747623302,-1.0340004476531346,-1.0289505631391134,-1.0305147917980242
0.6414028056112224,1.3143720686244598,1.3215178095759441,0.2832946789025871,0.34644106391596907,0.4955542527789822,0.6405929857553878,-1.0308075614971726,-1.0306916806826203,-1.0302816596998516,-1.0340002078474801,-1.028950291426846,-1.0305103064109986
0.6433266533066132,1.3143609387300168,1.321469760797691,0.28350716322528585,0.34639272175289815,0.4958988539806367,0.6405035978224752,-1.0308067312339388,-1.0306914337026818,-1.0302805728485078,-1.033999968101875,-1.028950020218764,-1.03050582102493
0.645250501002004,1.3143498470688006,1.3214217200914695,0.28372020358319233,0.34634438419650293,0.4962453245400518,0.640414218407618,-1.0308059028742547,-1.0306911867844784,-1.0302794870550789,-1.0339997284163065,-1.0289497495128852,-1.0305013356398203
0.6471743486973948,1.3143387932505857,1.3213736874559736,0.2839337991901743,0.3462960512467731,0.4965936706053755,0.640324847510797,-1.0308050764051417,-1.030690939927997,-1.0302784023040048,-1.033999488790761,-1.0289494793066252,-1.0304968502556722
0.6490981963927855,1.3143277767270147,1.3213256628898993,0.28414794480646083,0.34624772290386463,0.4969438936407677,0.6402354851323006,-1.0308042518114866,-1.0306906931332238,-1.0302773185787495,-1.033999249225226,-1.0289492095969595,-1.0304923648724875
0.6510220440881763,1.3143167975019256,1.3212776463919398,0.2843626479818271,0.346199399167744,0.49729600840862814,0.6401461312720668,-1.0308034290875057,-1.0306904464001456,-1.0302762358674808,-1.0339990097196878,-1.028948940382863,-1.0304878794902685
0.6529458917835671,1.3143058553507896,1.3212296379607866,0.28457791096800567,0.34615108003854866,0.4976500247848822,0.64005678593035,-1.030802608222807,-1.030690199728749,-1.0302751541559467,-1.0339987702741338,-1.028948671662295,-1.030483394109018
0.6548697394789579,1.3142949498727616,1.321181637595139,0.28479373246347506,0.3461027655163965,0.49800594864111997,0.6399674491073678,-1.0308017892046588,-1.0306899531190208,-1.030274073428692,-1.0339985308885504,-1.028948403432711,-1.0304789087287378
0.6567935871743487,1.3142840808668368,1.3211336452936933,0.2850101156433334,0.3460544556012665,0.49836379076270765,0.6398781208030817,-1.0308009720231701,-1.0306897065709473,-1.0302729936716386,-1.0339982915629249,-1.0289481356921553,-1.0304744233494303
0.6587174348697394,1.3142732481072175,1.3210856610551467,0.28522706337076026,0.34600615029328197,0.49872356176370686,0.6397888010177194,-1.0308001566680796,-1.0306894600845151,-1.030271914870495,-1.0339980522972438,-1.028947868438605,-1.0304699379710973
0.6606412825651302,1.3142624510769112,1.321037684878201,0.28544457157247044,0.3459578495925695,0.499085264956185,0.6396994897515151,-1.030799343125885,-1.030689213659711,-1.0302708370094422,-1.0339978130914944,-1.0289476016694337,-1.0304654525937418
0.662565130260521,1.314251689822199,1.3209897167615348,0.28566264857892093,0.34590955349909414,0.49944891619291687,0.6396101870044043,-1.030798531392837,-1.0306889672965216,-1.0302697600773771,-1.033997573945663,-1.0289473353841285,-1.030460967217366
0.6644889779559118,1.3142409634908772,1.3209417567038495,0.2858812826174609,0.3458612620130094,0.4998145087935424,0.6395208927766707,-1.0307977214547532,-1.0306887209949334,-1.0302686840582744,-1.0339973348597369,-1.0289470695802925,-1.0304564818419713
0.6664128256513026,1.314230271895016,1.3208938047038528,0.2861004775748662,0.34581297513434195,0.500182058080536,0.6394316070683637,-1.0307969132968418,-1.0306884747549332,-1.030267608935286,-1.0339970958337035,-1.028946804254529,-1.0304519964675607
0.6683366733466933,1.3142196152957533,1.3208458607602283,0.2863202469739187,0.3457646928631871,0.5005515883871513,0.6393423298796593,-1.0307961069131926,-1.0306882285765073,-1.0302665346959634,-1.0339968568675484,-1.0289465394054496,-1.0304475110941362
0.6702605210420842,1.3142089932966148,1.3207979248716817,0.28654058868203564,0.34571641519963137,0.5009231058638431,0.6392530612107179,-1.0307953022934109,-1.0306879824596429,-1.0302654613259663,-1.0339966179612596,-1.0289462750311769,-1.0304430257217
0.672184368737475,1.31419840562861,1.3207499970369034,0.28676150402628053,0.3456681421437253,0.5012966209348176,0.6391638010616326,-1.0307944994263933,-1.0306877364043259,-1.0302643888104357,-1.033996379114824,-1.0289460111294773,-1.0304385403502547
0.6741082164328658,1.3141878522936363,1.3207020772545854,0.28698300110493924,0.3456198736955246,0.5016721505004269,0.6390745494325065,-1.0307936983046873,-1.030687490410543,-1.0302633171360756,-1.0339961403282274,-1.0289457476988275,-1.0304340549798021
0.6760320641282566,1.314177332717381,1.3206541655234312,0.2872050738020834,0.3455716098551376,0.502049698200323,0.6389853063235399,-1.0307928989133304,-1.0306872444782815,-1.0302622462863182,-1.033995901601458,-1.028945484736224,-1.0304295696103447
0.6779559118236473,1.3141668468365,1.3206062618421386,0.28742772839916697,0.3455233506225843,0.502429278895304,0.63889607173477,-1.0307921012468237,-1.0306869986075273,-1.0302611762488323,-1.0339956629345017,-1.0289452222407822,-1.0304250842418847
0.6798797595190381,1.3141563945472252,1.3205583662093943,0.2876509708549659,0.345475095997985,0.5028109072939282,0.6388068456664189,-1.0307913052982203,-1.0306867527982675,-1.0302601070104334,-1.0339954243273461,-1.0289449602112481,-1.0304205988744246
0.6818036072144289,1.3141459752095699,1.3205104786239032,0.2878747942566324,0.3454268459814144,0.5031945870268357,0.638717628118625,-1.0307905110515219,-1.0306865070504883,-1.0302590385539054,-1.0339951857799776,-1.02894469864439,-1.0304161135079661
0.6837274549098197,1.3141355888343262,1.3204625990843635,0.2880992067796692,0.34537860057292824,0.5035803344854632,0.6386284190914913,-1.0307897185018309,-1.0306862613641767,-1.0302579708669555,-1.0339949472923835,-1.0289444375394237,-1.0304116281425115
0.6856513026052105,1.3141252346501116,1.3204147275894569,0.2883241969902543,0.3453303597725075,0.5039681469123487,0.6385392185849824,-1.0307889276353766,-1.0306860157393192,-1.0302569039336311,-1.0339947088645505,-1.0289441768939038,-1.0304071427780634
0.6875751503006012,1.3141149121450735,1.320366864137896,0.2885497597957929,0.34528212358036126,0.5043580281151816,0.6384500265994851,-1.0307881384412587,-1.0306857701759025,-1.0302558377391466,-1.0339944704964656,-1.0289439167059249,-1.0304026574146241
0.689498997995992,1.314104622244954,1.3203190087283727,0.2887759254678617,0.3452338919965119,0.5047500236444373,0.6383608431350409,-1.0307873509180079,-1.0306855246739128,-1.0302547722720712,-1.0339942321881157,-1.028943656974598,-1.030398172052195
0.6914228456913828,1.3140943641534955,1.3202711613595879,0.28900268296251563,0.3451856650209967,0.5051441341283697,0.6382716681917187,-1.0307865650468695,-1.0306852792333374,-1.0302537075140186,-1.0339939939394875,-1.0289433976960198,-1.0303936866907797
0.6933466933867736,1.314084137899249,1.3202233220302226,0.2892300414638332,0.3451374426538793,0.5055403784512743,0.6381825017696359,-1.0307857808236747,-1.0306850338541627,-1.0302526434527017,-1.0339937557505683,-1.0289431388695949,-1.0303892013303795
0.6952705410821644,1.3140739431656074,1.3201754907389958,0.2894580017562243,0.3450892248953056,0.5059387681968347,0.6380933438690625,-1.0307849982385966,-1.0306847885363748,-1.030251580073369,-1.0339935176213444,-1.0289428804934688,-1.0303847159709965
0.6971943887775551,1.3140637798143662,1.3201276674845877,0.28968656803027004,0.34504101174526464,0.506339318779763,0.6380041944899782,-1.0307842172836252,-1.0306845432799612,-1.0302505173620482,-1.0339932795518034,-1.0289426225661098,-1.0303802306126335
0.6991182364729459,1.3140536476266718,1.3200798522656938,0.2899157424275295,0.3449928032038261,0.5067420431377541,0.6379150536325118,-1.0307834379502145,-1.0306842980849078,-1.0302494553045445,-1.0339930415419316,-1.0289423650859204,-1.0303757452552926
0.7010420841683367,1.3140435462790285,1.3200320450810297,0.29014552482683603,0.34494459927108323,0.507146952134431,0.6378259212968358,-1.0307826602275414,-1.0306840529512016,-1.0302483938856613,-1.0339928035917165,-1.0289421080507772,-1.0303712598989756
0.7029659318637275,1.3140334750315081,1.3199842459292745,0.290375904507034,0.34489639994711074,0.5075540450330625,0.6377367974830883,-1.0307818841045646,-1.0306838078788292,-1.030247333090317,-1.0339925657011446,-1.0289418514589928,-1.0303667745436853
0.7048897795591182,1.3140234336471628,1.319936454809138,0.2906068834055593,0.344848205232015,0.5079633328524111,0.637647682191466,-1.0307811095767518,-1.0306835628677775,-1.0302462729057893,-1.033992327870203,-1.0289415953101702,-1.0303622891894235
0.706813627254509,1.314013422548357,1.3198886717193077,0.29083848078719376,0.3448000151257664,0.5083748560410362,0.6375585754219142,-1.0307803366308133,-1.0306833179180324,-1.0302452133152828,-1.0339920900988786,-1.028941339600517,-1.0303578038361927
0.7087374749498998,1.314003441592806,1.3198408966584863,0.2910707024346984,0.3447518296284535,0.508788630245141,0.6374694771745967,-1.0307795652609,-1.0306830730295813,-1.0302441543051521,-1.0339918523871583,-1.0289410843291327,-1.030353318483995
0.7106613226452906,1.313993490333883,1.31979312962537,0.2913035449650882,0.34470364874022236,0.5092046659033304,0.6373803874497831,-1.030778795454554,-1.0306828282024105,-1.0302430958594584,-1.033991614735029,-1.0289408294935254,-1.0303488331328328
0.7125851703406814,1.3139835686613754,1.3197453706186533,0.29153701274221444,0.34465547246104866,0.5096229795680942,0.637291306247429,-1.0307780272053482,-1.0306825834365065,-1.0302420379645345,-1.0339913771424778,-1.0289405750925993,-1.0303443477827081
0.7145090180360721,1.3139736766545465,1.3196976196370336,0.29177111533152006,0.34460730079103324,0.5100435913082707,0.6372022335677207,-1.0307772605112542,-1.0306823387318562,-1.0302409806081168,-1.0339911396094912,-1.0289403211263068,-1.030339862433623
0.7164328657314629,1.3139638135211462,1.3196498766792149,0.29200584092755116,0.3445591337302363,0.5104665052991454,0.6371131694107695,-1.0307764953538838,-1.0306820940884465,-1.030239923771964,-1.0339909021360565,-1.0289400675908302,-1.03033537708558
0.7183567134268537,1.31395397887039,1.3196021417438903,0.29224118861512705,0.344510971278744,0.5108917260660611,0.6370241137767346,-1.0307757317323443,-1.0306818495062635,-1.0302388674440055,-1.0339906647221606,-1.0289398144870685,-1.0303308917385818
0.7202805611222445,1.3139441725096195,1.3195544148297587,0.29247716246424865,0.3444628134365885,0.5113192788828929,0.6369350666656756,-1.0307749696309905,-1.0306816049852943,-1.030237811606635,-1.03399042736779,-1.0289395618112487,-1.0303264063926296
0.7222044088176353,1.3139343948229156,1.319506695935514,0.2927137802920092,0.3444146602038675,0.5117491974934277,0.6368460280777731,-1.030774209045055,-1.030681360525525,-1.0302367562461026,-1.0339901900729322,-1.0289393095621364,-1.0303219210477261
0.724128256513026,1.3139246457182665,1.3194589850598628,0.2929510474780826,0.34436651158061743,0.5121815007624396,0.6367569980130944,-1.030773449967967,-1.0306811161269427,-1.0302357013481358,-1.033989952837574,-1.0289390577385336,-1.0303174357038738
0.7260521042084168,1.3139149247154036,1.3194112822014954,0.2931889602160719,0.34431836756690415,0.5126162018274784,0.6366679764717614,-1.0307726923854306,-1.0306808717895342,-1.0302346468958303,-1.033989715661702,-1.028938806337457,-1.0303129503610744
0.7279759519038076,1.3139052318869027,1.3193635873591079,0.2934275282040906,0.344270228162786,0.5130533215065551,0.636578963453882,-1.0307719362954997,-1.0306806275132854,-1.0302335928762483,-1.0339894785453039,-1.0289385553588806,-1.0303084650193304
0.7298997995991984,1.3138955664067284,1.3193159005314032,0.29366673860215287,0.34422209336836546,0.5134928633903342,0.6364899589596456,-1.0307711816852942,-1.030680383298184,-1.0302325392728942,-1.0339892414883654,-1.0289383048006708,-1.030303979678644
0.7318236472945892,1.313885927799498,1.3192682217170848,0.293906589448452,0.34417396318364574,0.5139348327606009,0.636400962989058,-1.0307704285528279,-1.030680139144216,-1.0302314860722808,-1.0339890044908744,-1.0289380546634954,-1.0302994943390176
0.7337474949899799,1.3138763166397887,1.3192205509148394,0.2941471033253209,0.3441258376087428,0.5143792765469068,0.636311975542334,-1.0307696768861754,-1.030679895051368,-1.030230433257899,-1.0339887675528177,-1.0289378049437192,-1.0302950090004528
0.7356713426853707,1.3138667328817022,1.3191728881233697,0.29438828691953595,0.34407771664370534,0.5148262189023676,0.6362229966195633,-1.030768926675985,-1.0306796510196268,-1.0302293808141652,-1.033988530674182,-1.0289375556392528,-1.0302905236629525
0.7375951903807615,1.3138571763476983,1.3191252333413779,0.2946301434665983,0.3440296002885744,0.5152756777898191,0.6361340262208218,-1.0307681779179119,-1.0306794070489793,-1.0302283287269167,-1.0339882938549545,-1.0289373067497063,-1.0302860383265187
0.7395190380761523,1.313847646489631,1.3190775865675557,0.29487266746476537,0.3439814885434456,0.5157276674090661,0.6360450643462866,-1.0307674305986758,-1.0306791631394119,-1.030227276979202,-1.0339880570951219,-1.0289370582724429,-1.030281552991153
0.741442885771543,1.313838143317783,1.3190299478006082,0.2951158688058633,0.34393338140832863,0.5161822084770954,0.6359561109959753,-1.030766684716902,-1.0306789192909112,-1.030226225557149,-1.0339878203946713,-1.028936810207711,-1.030277067656859
0.7433667334669338,1.3138286653732798,1.3189823170392219,0.2953597195154536,0.34388527888329756,0.5166392901517441,0.635867166170025,-1.0307659402568303,-1.0306786755034638,-1.0302251744429345,-1.0339875837535897,-1.0289365625532976,-1.0302725823236374
0.7452905811623246,1.313819213610136,1.3189346942821125,0.29560425168719556,0.34383718096846727,0.517098966528046,0.6357782298686483,-1.0307651972139977,-1.030678431777057,-1.03022412362193,-1.0339873471718635,-1.0289363153073003,-1.0302680969914912
0.7472144288577154,1.3138097885676632,1.3188870795279635,0.2958494872085882,0.34378908766387184,0.5175612744021604,0.6356893020919079,-1.030764455587205,-1.0306781881116769,-1.0302230730801907,-1.0339871106494805,-1.0289360684693754,-1.0302636116604227
0.7491382765531062,1.3138003895753259,1.3188394727754866,0.2960954171305184,0.3437409989695783,0.5180262277351934,0.6356003828399278,-1.030763715362305,-1.03067794450731,-1.03022202280036,-1.0339868741864269,-1.0289358220367673,-1.0302591263304337
0.7510621242484969,1.313791016507012,1.3187918740233644,0.2963420481892255,0.3436929148855468,0.5184938462582426,0.6355114721126345,-1.0307629765370772,-1.0306777009639436,-1.0302209727675466,-1.0339866377826903,-1.0289355760096703,-1.0302546410015267
0.7529859719438877,1.3137816682632557,1.3187442832703151,0.2965893617530548,0.3436448354119962,0.5189641341405744,0.6354225699104324,-1.0307622390945508,-1.030677457481564,-1.0302199229633493,-1.0339864014382572,-1.0289353303849904,-1.0302501556737036
0.7549098196392786,1.3137723445646,1.3186967005150223,0.2968373583794335,0.34359676054887034,0.5194371089079673,0.635333676233218,-1.030761503029902,-1.0306772140601579,-1.0302188733724607,-1.0339861651531146,-1.028935085162331,-1.030245670346967
0.7568336673346694,1.3137630464844636,1.3186491257561863,0.2970860736754845,0.3435486902962643,0.5199128277262943,0.6352447910811668,-1.0307607683410724,-1.030676970699712,-1.0302178239801867,-1.0339859289272497,-1.0289348403403975,-1.0302411850213191
0.7587575150300602,1.3137537736296432,1.3186015589925133,0.2973355063745262,0.3435006246542829,0.5203913121584589,0.635155914454473,-1.030760035016511,-1.030676727400213,-1.030216774769436,-1.033985692760649,-1.0289345959168588,-1.0302366996967613
0.760681362725451,1.313744525853983,1.318554000222702,0.2975856627727771,0.34345256362290416,0.5208725858280107,0.6350670463530955,-1.0307593030507347,-1.0306764841616476,-1.030215725724006,-1.0339854566533002,-1.028934351890936,-1.0302322143732972
0.7626052104208417,1.3137353025425507,1.318506449445448,0.2978365363172546,0.34340450720226323,0.5213566620619363,0.6349781867772846,-1.030758572434999,-1.0306762409840022,-1.0302146768269587,-1.0339852206051894,-1.0289341082614343,-1.0302277290509276
0.7645290581162325,1.313726102700451,1.31845890665945,0.2980881092185541,0.34335645539237025,0.5218435399724914,0.6348893357270587,-1.0307578431645796,-1.030675997867264,-1.0302136280619036,-1.033984984616304,-1.0289338650289421,-1.030223243729656
0.7664529058116233,1.313716927640177,1.318411371863405,0.29834042449303777,0.3433084081932445,0.5223332931876921,0.6348004932024536,-1.0307571152295838,-1.0306757548114192,-1.0302125794123,-1.0339847486866311,-1.0289336221894019,-1.030218758409483
0.7683767535070141,1.3137077771327599,1.3183638450560173,0.2985934855767954,0.34326036560504675,0.522825945378965,0.6347116592037667,-1.030756388624236,-1.0306755118164548,-1.0302115308615218,-1.0339845128161578,-1.0289333797420734,-1.0302142730904122
0.7703006012024048,1.3136986505464738,1.318316326235986,0.29884728611806133,0.3432123276277458,0.5233215157064658,0.6346228337309401,-1.030755663336675,-1.030675268882357,-1.0302104823916254,-1.0339842770048702,-1.0289331376848072,-1.0302097877724454
0.7722244488977956,1.313689547348373,1.3182688154020108,0.29910182213082775,0.34316429426144857,0.523820016955087,0.6345340167841717,-1.030754939363622,-1.0306750260091133,-1.0302094339857213,-1.0339840412527561,-1.0289328960180393,-1.0302053024555844
0.7741482965931864,1.3136804671202018,1.3182213125527875,0.2993570906674013,0.34311626550620633,0.5243214700806479,0.6344452083635562,-1.0307542166977515,-1.0306747831967096,-1.0302083856266064,-1.033983805559802,-1.0289326547407847,-1.030200817139832
0.7760721442885772,1.3136714108330954,1.3181738176870144,0.299613126155218,0.3430682413620619,0.524825937308792,0.6343564084691727,-1.030753495332322,-1.0306745404451332,-1.0302073372977352,-1.0339835699259954,-1.0289324138504077,-1.0301963318251899
0.777995991983968,1.3136623785146953,1.3181263308033915,0.29986994014941726,0.34302022182903075,0.5253334482498113,0.63426761710105,-1.0307527752648489,-1.0306742977543704,-1.0302062889818913,-1.0339833343513225,-1.0289321733468684,-1.0301918465116604
0.7799198396793587,1.3136533692988783,1.3180788519006248,0.300127519906916,0.3429722069072373,0.5258440220714036,0.6341788342594179,-1.0307520564805188,-1.0306740551244078,-1.0302052406602413,-1.0339830988357708,-1.0289319332273936,-1.0301873611992458
0.7818436873747495,1.3136443819191344,1.3180313809774131,0.30038584122361683,0.3429241965967007,0.5263576583772882,0.6340900599443121,-1.0307513389729248,-1.0306738125552326,-1.030204192314335,-1.0339828633793273,-1.028931693492426,-1.0301828758879483
0.7837675350701403,1.3136354175389504,1.3179839180324546,0.3006449437039717,0.34287619089750226,0.5268744229822464,0.6340012941558827,-1.0307506227374308,-1.030673570046831,-1.0302031439275001,-1.0339826279819788,-1.0289314541397325,-1.0301783905777702
0.7856913827655311,1.313626476326878,1.3179364630644463,0.30090484134416073,0.34282818980972296,0.527394357749614,0.6339125368942797,-1.0307499077670694,-1.0306733275991902,-1.0302020954819886,-1.0339823926437122,-1.0289312151676637,-1.0301739052687133
0.7876152304609219,1.3136175578365734,1.3178890160720835,0.3011655337452643,0.3427801933332807,0.527917487283946,0.6338237881593509,-1.030749194055647,-1.030673085212296,-1.0302010469590246,-1.0339821573645145,-1.0289309765756427,-1.0301694199607803
0.7895390781563126,1.313608661162834,1.3178415770540775,0.30142700658697785,0.34273220146835026,0.5284438223288759,0.6337350479514199,-1.0307484815960486,-1.0306728428861363,-1.0301999983395023,-1.033981922144373,-1.0289307383634143,-1.030164934653973
0.7914629258517034,1.3135997865266662,1.3177941460091294,0.3016892750700173,0.3426842142150301,0.5289734051052087,0.6336463162706685,-1.0307477703833836,-1.0306726006206965,-1.0301989496052781,-1.0339816869832743,-1.0289305005299103,-1.0301604493482934
0.7933867735470942,1.3135909343055516,1.317746722935932,0.30195235862653313,0.34263623157324824,0.5295062920844139,0.6335575931169638,-1.0307470604063393,-1.0306723584159647,-1.030197900738303,-1.0339814518812058,-1.028930263071834,-1.0301559640437443
0.795310621242485,1.3135821044508273,1.317699307833184,0.3022162675835583,0.3425882535431363,0.5300425171325557,0.6334688784905489,-1.0307463516623347,-1.0306721162719263,-1.0301968517194398,-1.033981216838154,-1.0289300259892256,-1.0301514787403276
0.7972344689378758,1.3135732956401722,1.3176519006995793,0.3024809777863144,0.3425402801246832,0.5305820917426175,0.6333801723914034,-1.0307456441393053,-1.030671874188569,-1.0301958025281908,-1.0339809818541057,-1.028929789280807,-1.0301469934380452
0.7991583166332665,1.3135645078650309,1.3176045015338387,0.3027464985898122,0.34249231131799696,0.5311250528176776,0.6332914748197273,-1.030744937834164,-1.0306716321658789,-1.0301947531454,-1.0339807469290487,-1.0289295529464222,-1.0301425081368998
0.8010821643286573,1.313555742286191,1.3175571103346573,0.3030128712290729,0.3424443471231459,0.5316714697323327,0.6332027857756467,-1.0307442327417873,-1.0306713902038431,-1.0301937035531206,-1.0339805120629695,-1.0289293169836824,-1.0301380228368933
0.8030060120240481,1.3135469983888162,1.3175097271007143,0.3032800934208246,0.3423963875401276,0.5322213736518676,0.6331141052591569,-1.030743528853612,-1.0306711483024478,-1.0301926537310775,-1.033980277255855,-1.0289290813913679,-1.0301335375380276
0.8049298597194389,1.313538275117093,1.317462351830737,0.3035481470293273,0.34234843256904124,0.5327747773448765,0.6330254332704419,-1.0307428261656897,-1.0306709064616804,-1.0301916036578371,-1.0339800425076924,-1.0289288461704593,-1.0301290522403053
0.8068537074148296,1.3135295724572809,1.317414984523406,0.30381704155355993,0.3423004822098935,0.5333317309089896,0.6329367698095135,-1.0307421246664725,-1.030670664681527,-1.0301905533140892,-1.0339798078184688,-1.0289286113180998,-1.0301245669437287
0.8087775551102204,1.313520891324334,1.3173676251774415,0.3040868127081491,0.34225253646280773,0.5338922995855672,0.6328481148766001,-1.0307414243530253,-1.0306704229619745,-1.0301895026806291,-1.033979573188171,-1.0289283768329163,-1.0301200816482994
0.8107014028056112,1.3135122310698337,1.3173202737915273,0.304357455225543,0.34220459532774883,0.5344565158505149,0.6327594684716364,-1.0307407252165934,-1.0306701813030097,-1.0301884517361881,-1.0339793386167855,-1.0289281427138186,-1.0301155963540198
0.812625250501002,1.3135035904619348,1.3172729303643753,0.30462894791172623,0.34215665880478435,0.5350243921704161,0.6326708305947479,-1.0307400272526803,-1.030669939704619,-1.0301874004575273,-1.0339791041043003,-1.02892790896187,-1.0301111110608925
0.8145490981963928,1.313494970579351,1.3172255948946745,0.30490133014013504,0.3421087268940102,0.5355960023146583,0.6325822012461114,-1.030739330454884,-1.0306696981667898,-1.03018634882574,-1.0339788696507017,-1.0289276755744106,-1.0301066257689193
0.8164729458917835,1.3134863716764729,1.317178267381143,0.3051746195102456,0.3420607995954703,0.5361713990420205,0.6324935804258086,-1.0307386348175576,-1.030669456689508,-1.0301852968201362,-1.033978635255977,-1.0289274425501083,-1.0301021404781021
0.8183967935871743,1.3134777929524757,1.3171309478224638,0.30544880630942356,0.34201287690916826,0.536750614383391,0.6324049681338456,-1.030737940334181,-1.030669215272761,-1.0301842444177467,-1.033978400920113,-1.0289272098887947,-1.0300976551884438
0.8203206412825651,1.3134692330581084,1.3170836362173484,0.30572386556433073,0.3419649588351998,0.5373336724228142,0.6323163643703998,-1.0307372469927942,-1.0306689739165353,-1.030183191595533,-1.0339781666430967,-1.0289269775893162,-1.0300931698999458
0.8222444889779559,1.313460693793506,1.3170363325644883,0.3059998579403677,0.3419170453735744,0.5379206625436421,0.6322277691354888,-1.0307365547920913,-1.0306687326208175,-1.0301821383340566,-1.0339779324249152,-1.0289267456496372,-1.030088684612611
0.8241683366733467,1.3134521746734045,1.3169890368626083,0.3062767825978521,0.3418691365244351,0.53851162445053,0.6321391824293768,-1.0307358637261546,-1.0306684913855944,-1.030181084610024,-1.0339776982655557,-1.0289265140693775,-1.030084199326441
0.8260921843687374,1.3134436742198679,1.3169417491103852,0.3065546123518362,0.34182123228767564,0.5391065788157147,0.6320506042518674,-1.0307351737865063,-1.0306682502108526,-1.0301800303979614,-1.0339774641650048,-1.0289262828487165,-1.0300797140414382
0.8280160320641282,1.3134351936587298,1.3168944693065328,0.30683339216224553,0.34177333266347115,0.5397056023403121,0.6319620346032846,-1.0307344849710232,-1.0306680090965787,-1.030178975676678,-1.0339772301232497,-1.0289260519861732,-1.0300752287576045
0.829939879759519,1.3134267330278655,1.3168471974497409,0.30711313424245174,0.34172543765182073,0.5403087574719337,0.6318734734836265,-1.03073379727044,-1.03066776804276,-1.0301779204244113,-1.0339769961402774,-1.0289258214795332,-1.0300707434749428
0.8318637274549098,1.3134182910748902,1.316799933538722,0.3073938167607249,0.34167754725279864,0.5409160749276083,0.6317849208930306,-1.0307331106774986,-1.0306675270493828,-1.0301768646151281,-1.033976762216075,-1.0289255913290614,-1.0300662581934543
0.8337875751503006,1.313409867666379,1.3167526775721743,0.30767545121426565,0.3416296614663996,0.5415276108943451,0.6316963768314869,-1.0307324251851355,-1.0306672861164339,-1.0301758082244838,-1.0339765283506293,-1.028925361533546,-1.0300617729131418
0.8357114228456913,1.313401463986971,1.3167054295487972,0.307958081875356,0.3415817802927494,0.5421434448776439,0.6316078412992283,-1.0307317407900716,-1.0306670452439002,-1.0301747512306831,-1.0339762945439275,-1.0289251320911819,-1.0300572876340073
0.8376352705410821,1.3133930792163688,1.316658189467296,0.30824169788441946,0.3415339037318192,0.5427636183382991,0.6315193142962012,-1.0307310574870672,-1.030666804431768,-1.0301736936069863,-1.0339760607959565,-1.028924903002344,-1.030052802356053
0.839559118236473,1.3133847122549092,1.3166109573263702,0.30852628358400985,0.34148603178372877,0.5433881718049772,0.6314307958226273,-1.0307303752681876,-1.0306665636800245,-1.0301726353258556,-1.0339758271067032,-1.028924674266871,-1.030048317079281
0.8414829659318638,1.3133763646120886,1.3165637331247277,0.30881189488415967,0.34143816444844066,0.5440172023740032,0.6313422858784372,-1.0307296941275157,-1.0306663229886563,-1.0301715763661128,-1.0339755934761548,-1.0289244458816384,-1.0300438318036933
0.8434068136272546,1.313368035542761,1.3165165168610578,0.30909852363815976,0.3413903017260638,0.5446507615375713,0.6312537844638324,-1.0307290140578846,-1.03066608235765,-1.03017051670095,-1.0339753599042987,-1.0289242178462583,-1.0300393465292925
0.8453306613226453,1.3133597235758858,1.3164693085340733,0.3093861412113112,0.3413424436165981,0.5452888865306197,0.6311652915788126,-1.0307283350519463,-1.0306658417869923,-1.0301694563008426,-1.0339751263911212,-1.0289239901613387,-1.0300348612560803
0.8472545090180361,1.313351430703182,1.316422108142471,0.3096748192135719,0.34129459012013535,0.5459316768643427,0.6310768072235478,-1.030727657108132,-1.03066560127667,-1.0301683951428962,-1.0339748929366093,-1.0289237628245334,-1.030030375984059
0.8491783567134269,1.313343156194906,1.3163749156849602,0.309964550715235,0.34124674123676046,0.5465791875406951,0.6309883313981945,-1.030726980219557,-1.0306653608266703,-1.0301673331986458,-1.0339746595407506,-1.0289235358355606,-1.030025890713231
0.8511022044088177,1.3133348985213598,1.3163277311602342,0.3102553083119138,0.34119889696638783,0.5472314634125678,0.630899864102595,-1.0307263043788233,-1.0306651204369792,-1.0301662704359869,-1.033974426203532,-1.0289233091951375,-1.0300214054435983
0.8530260521042085,1.3133266594388069,1.316280554567,0.31054715624805795,0.3411510573091723,0.5478886122106801,0.6308114053370352,-1.0307256295792233,-1.030664880107584,-1.0301652068335327,-1.0339741929249402,-1.0289230828994995,-1.030016920175163
0.8549498997995992,1.3133184380113925,1.316233385903958,0.3108400810133812,0.34110322226510287,0.5485506925869742,0.630722955101495,-1.0307249558139187,-1.030664639838471,-1.0301641423610717,-1.0339739597049624,-1.0289228569486695,-1.030012434907927
0.85687374749499,1.3133102332156261,1.3161862251698102,0.3111340677216847,0.34105539183428873,0.5492177618978609,0.6306345133961762,-1.030724283077866,-1.0306643996296274,-1.0301630769859058,-1.0339737265435855,-1.0289226313434823,-1.030007949641893
0.8587975951903808,1.3133020467744843,1.31613907236326,0.31142918560325317,0.34100756601667903,0.5498899188672637,0.6305460802209847,-1.0307236113677882,-1.0306641594810395,-1.0301620106824882,-1.033973493440797,-1.028922406081401,-1.0300034643770628
0.8607214428857716,1.3132938774749745,1.3160919274830114,0.31172541258072123,0.3409597448123966,0.5505672232719212,0.6304576555761479,-1.0307229406778908,-1.0306639193926945,-1.0301609434169225,-1.0339732603965832,-1.028922181163282,-1.0299989791134385
0.8626452905811623,1.3132857249046679,1.3160447905277661,0.3120227518370956,0.3409119282214375,0.5512497573702211,0.630369239461658,-1.0307222709996575,-1.0306636793645785,-1.030159875159093,-1.0339730274109318,-1.0289219565878895,-1.0299944938510224
0.8645691382765531,1.3132775900205491,1.3159976614962285,0.3123212490607244,0.3408641162438783,0.5519376238744621,0.6302808318776572,-1.0307216023248191,-1.0306634393966791,-1.030158805883541,-1.0339727944838295,-1.0289217323520508,-1.0299900085898168
0.8664929859719439,1.3132694711854918,1.3159505403871041,0.3126208736318321,0.34081630887976405,0.5526308827701184,0.6301924328242283,-1.0307209346487813,-1.0306631994889826,-1.0301577355510227,-1.0339725616152633,-1.028921508457696,-1.0299855233298234
0.8684168336673347,1.3132613694404518,1.31590342719908,0.3129216691732925,0.3407685061290822,0.5533296302145062,0.6301040423013484,-1.030720267968897,-1.0306629596414756,-1.0301566641324937,-1.0339723288052203,-1.0289212849035207,-1.0299810380710448
0.8703406813627255,1.3132532851393544,1.315856321930875,0.31322366665739293,0.34072070799194987,0.5540339546867203,0.630015660309234,-1.0307196022800311,-1.0306627198541451,-1.030155591595516,-1.0339720960536878,-1.028921061688398,-1.029976552813483
0.8722645290581162,1.3132452162529358,1.3158092245811797,0.313526824124259,0.3406729144683681,0.5547439323348473,0.629927286847887,-1.0307189375740118,-1.030662480126978,-1.030154517899079,-1.033971863360652,-1.0289208388136037,-1.02997206755714
0.874188376753507,1.3132371645248155,1.3157621351487194,0.31383120757334226,0.3406251255583859,0.5554596847690253,0.6298389219173979,-1.030718273842329,-1.0306622404599606,-1.0301534430205597,-1.033971630726101,-1.0289206162747457,-1.029967582302018
0.8761122244488978,1.3132291288664266,1.3157150536321698,0.3141368040675465,0.34057734126202505,0.5561812954954293,0.6297505655178071,-1.0307176110807932,-1.03066200085308,-1.0301523669183967,-1.0339713981500214,-1.0289203940731653,-1.0299630970481193
0.8780360721442886,1.3132211088683488,1.3156679800302513,0.31444362201054044,0.3405295615793645,0.5569088583504433,0.6296622176492604,-1.0307169492835655,-1.030661761306323,-1.030151289554666,-1.0339711656324,-1.0289201722086296,-1.0299586117954462
0.8799599198396794,1.3132131060076437,1.3156209143416588,0.31475172094842113,0.3404817865104185,0.5576424800161902,0.6295738783117846,-1.0307162884489618,-1.030661521819676,-1.0301502108978915,-1.0339709331732239,-1.0289199506795952,-1.029954126544
0.8818837675350701,1.3132051181559559,1.3155738565650994,0.31506105812372137,0.34043401605523793,0.5583822542250587,0.6294855475054734,-1.0307156285685517,-1.0306612823931258,-1.030149130901694,-1.0339707007724805,-1.0289197294874945,-1.0299496412937836
0.8838076152304609,1.3131971466553376,1.3155268066992885,0.31537169401166926,0.3403862502139017,0.5591283090821599,0.6293972252304727,-1.0307149696337292,-1.0306610430266596,-1.0301480495384956,-1.0339704684301567,-1.0289195086284966,-1.0299451560447992
0.8857314629258517,1.3131891906879765,1.3154797647429077,0.3156836207352095,0.34033848898636965,0.5598807527163064,0.6293089114867084,-1.030714311638695,-1.0306608037202643,-1.030146966766144,-1.033970236146239,-1.0289192881030238,-1.0299406707970482
0.8876553106212425,1.3131812498608426,1.315432730694672,0.31599684974951625,0.34029073237272395,0.5606396899541783,0.6292206062743324,-1.0307136545795053,-1.030660564473926,-1.0301458825400067,-1.0339700039207156,-1.0289190679115936,-1.0299361855505338
0.8895791583166333,1.3131733254363664,1.3153857045532855,0.31631143987071514,0.34024298037302747,0.561405239586677,0.629132309593461,-1.0307129984525711,-1.0306603252876316,-1.0301447968251483,-1.0339697717535725,-1.0289188480523177,-1.0299317003052573
0.891503006012024,1.3131654154241663,1.315338686317438,0.31662734987817887,0.3401952329872575,0.5621775178259316,0.629044021444052,-1.0307123432520693,-1.0306600861613682,-1.0301437095680224,-1.033969539644797,-1.0289186285275007,-1.029927215061221
0.8934268537074148,1.313157521347744,1.3152916759858537,0.3169446483453247,0.3401474902155296,0.5629566705486693,0.6289557418263194,-1.0307116889663996,-1.0306598470951223,-1.0301426207433724,-1.0339693075943766,-1.0289184093319164,-1.0299227298184273
0.8953507014028056,1.3131496417447204,1.3152446735572243,0.31726331308469263,0.34009975205783227,0.5637428204510083,0.6288674707402416,-1.030711035592199,-1.0306596080888808,-1.030141530295072,-1.0339690756022977,-1.0289181904679878,-1.0299182445768782
0.8972745490981964,1.313141777395811,1.3151976790302669,0.31758338856226376,0.3400520185142197,0.5645360963680017,0.628779208185919,-1.030710383125318,-1.030659369142631,-1.0301404381827597,-1.0339688436685477,-1.0289179719344204,-1.029913759336576
0.8991983967935872,1.3131339282936658,1.3151506924036733,0.3179049026712781,0.34000428958474377,0.5653366238765383,0.6286909541634476,-1.0307097315617826,-1.0306591302563584,-1.0301393443567972,-1.0339686117931137,-1.0289177537312417,-1.029909274097522
0.9011222444889779,1.3131260933159956,1.315103713676142,0.3182278405078632,0.3399565652693984,0.5661445602315348,0.6286027086728159,-1.030709080893293,-1.0306588914300507,-1.0301382487667474,-1.033968379975983,-1.02891753585856,-1.0299047888597195
0.9030460921843687,1.3131182737190712,1.3150567428463884,0.31855226448316404,0.33990884556824247,0.5669600601440412,0.6285144717141329,-1.0307084311108166,-1.0306586526636947,-1.0301371513796806,-1.0339681482171421,-1.0289173183125317,-1.0299003036231698
0.9049699398797595,1.3131104674142655,1.3150097799131075,0.31887813605890136,0.33986113048136346,0.5677832789455539,0.6284262432875605,-1.0307077822104718,-1.030658413957277,-1.0301360521267668,-1.0339679165165783,-1.0289171010965308,-1.029895818387875
0.9068937875751503,1.3131026767239946,1.3149628248750211,0.31920555119532745,0.33981342000873227,0.5686143479998674,0.6283380233930446,-1.0307071341894478,-1.0306581753107842,-1.0301349509726243,-1.033967684874279,-1.0289168842073972,-1.0298913331538382
0.908817635270541,1.3130948995183096,1.3149158777308092,0.3195344723375256,0.33976571415041235,0.5694534397869088,0.6282498120307027,-1.0307064870423182,-1.0306579367242032,-1.030133847845319,-1.0339674532902303,-1.0289166676480777,-1.0298868479210606
0.9107414829659318,1.3130871371312234,1.314868938479196,0.3198649651016469,0.33971801290643283,0.5703007270537276,0.6281616092005888,-1.0307058407589116,-1.030657698197521,-1.0301327427112361,-1.0339672217644205,-1.028916451414175,-1.0298823626895446
0.9126653306613226,1.3130793879439329,1.3148220071188754,0.32019700664730555,0.33967031627682154,0.5711564113888289,0.6280734149027541,-1.0307051953314277,-1.030657459730724,-1.0301316355045609,-1.0339669902968358,-1.0289162355069323,-1.0298778774592923
0.9145891783567134,1.3130716532303852,1.3147750836485503,0.32053066375293515,0.339622624261647,0.5720206396917403,0.6279852291373255,-1.0307045507583825,-1.0306572213237994,-1.0301305261741653,-1.0339667588874635,-1.0289160199254415,-1.029873392230306
0.9165130260521042,1.3130639321512854,1.3147281680669436,0.3208659402508544,0.33957493686093493,0.5728936028013114,0.6278970519043503,-1.0307039070357702,-1.0306569829767338,-1.0301294146502515,-1.0339665275362908,-1.0289158046711973,-1.0298689070025873
0.9184368737474949,1.313056225139035,1.3146812603727414,0.3212028775719315,0.3395272540746835,0.5737754813649253,0.6278088832038254,-1.030703264157678,-1.0306567446895136,-1.0301283008775348,-1.0339662962433047,-1.0289155897429982,-1.0298644217761388
0.9203607214428857,1.3130485312519145,1.314634360564654,0.32154147786223053,0.33947957590298755,0.5746665245142958,0.6277207230359261,-1.0307026221101372,-1.0306565064621265,-1.0301271847991764,-1.0339660650084923,-1.0289153751387503,-1.0298599365509629
0.9222845691382765,1.3130408507815654,1.3145874686413754,0.3218817796150089,0.3394319023458432,0.5755669243013439,0.6276325714006451,-1.0307019808904094,-1.0306562682945586,-1.0301260663498084,-1.0339658338318403,-1.0289151608586893,-1.0298554513270608
0.9242084168336674,1.31303318367784,1.3145405846016263,0.32222381492415897,0.339384233403277,0.5764768818668788,0.6275444282980316,-1.030701340495732,-1.0306560301867966,-1.0301249454566184,-1.0339656027133368,-1.0289149469037009,-1.0298509661044353
0.9261322645290582,1.3130255300500433,1.3144937084441117,0.3225676182095746,0.3393365690753565,0.5773966030846817,0.6274562937282104,-1.0307007009230194,-1.030655792138828,-1.0301238220482618,-1.0339653716529678,-1.028914733274288,-1.0298464808830885
0.928056112224449,1.313017889356639,1.31444684016753,0.322913206253528,0.3392889093621137,0.578326368997112,0.6273681676912408,-1.030700062159,-1.0306555541506386,-1.030122696063735,-1.0339651406507204,-1.0289145199680283,-1.0298419956630223
0.9299799599198397,1.313010261524133,1.3143999797705812,0.3232606110940601,0.3392412542635281,0.5792664266193386,0.6272800501870848,-1.0306994241971592,-1.030655316222216,-1.0301215674316277,-1.0339649097065824,-1.0289143069844358,-1.0298375104442388
0.9319038076152305,1.3130026463690938,1.3143531272519877,0.3236098631923523,0.33919360377974933,0.5802170181307725,0.6271919412160192,-1.030698787034167,-1.0306550783535469,-1.0301204360687535,-1.0339646788205406,-1.0289140943245074,-1.0298330252267403
0.9338276553106213,1.3129950443639788,1.3143062826104328,0.3239610158098907,0.33914595791066204,0.5811783623846932,0.6271038407778304,-1.0306981506682946,-1.0306548405446179,-1.030119301893431,-1.0339644479925816,-1.0289138819888866,-1.0298285400105287
0.9357515030060121,1.312987454603668,1.3142594458446368,0.3243140759426648,0.3390983166563852,0.5821507970986494,0.6270157488727388,-1.0306975150876478,-1.0306546027954158,-1.0301181648276412,-1.033964217222693,-1.0289136699764023,-1.0298240547956063
0.9376753507014028,1.3129798776172614,1.3142126169532997,0.32466909936576965,0.3390506800169589,0.5831345994143148,0.6269276655008184,-1.0306968802840617,-1.0306543651059277,-1.0301170248028375,-1.033963986510862,-1.0289134582849828,-1.0298195695819754
0.9395991983967936,1.3129723122628245,1.3141657959351227,0.32502609065716914,0.33900304799240855,0.5841301021985251,0.626839590662116,-1.030696246253239,-1.0306541274761398,-1.0301158817107472,-1.0339637558570753,-1.028913246917086,-1.0298150843696376
0.9415230460921844,1.312964760221282,1.314118982788825,0.32538514532399315,0.3389554205827452,0.5851375081645865,0.6267515243566522,-1.0306956129945908,-1.0306538899060396,-1.0301147354733355,-1.0339635252613202,-1.0289130358718825,-1.0298105991585953
0.9434468937875752,1.3129572193393604,1.3140721775131092,0.3257462392041037,0.3389077977879708,0.5861572661681711,0.6266634665844305,-1.030694980496604,-1.0306536523956134,-1.0301135859756467,-1.0339632947235837,-1.0289128251507353,-1.0298061139488506
0.945370741482966,1.3129496911259932,1.3140253801066644,0.3261094635980169,0.3388601796081945,0.5871896625996829,0.6265754173456527,-1.0306943487478304,-1.0306534149448483,-1.0301124331646339,-1.033963064243853,-1.0289126147486285,-1.0298016287404055
0.9472945891783567,1.3129421736825033,1.3139785905682149,0.32647480180362104,0.33881256604341287,0.5882351599704891,0.6264873766403127,-1.0306937177461788,-1.030653177553731,-1.0301112768951721,-1.0339628338221152,-1.0289124046704445,-1.0297971435332622
0.9492184368737475,1.3129346689840313,1.313931808896454,0.3268423692088805,0.3387649570936349,0.5892939576232971,0.6263993444684269,-1.0306930874908515,-1.0306529402222482,-1.030110117079665,-1.0339626034583569,-1.028912194915012,-1.0297926583274228
0.9511422845691383,1.3129271756326104,1.3138850350900952,0.3272121679588377,0.33871735275893433,0.5903665557860504,0.6263113208301316,-1.0306924579712307,-1.0306527029503867,-1.0301089535964725,-1.033962373152566,-1.0289119854829594,-1.0297881731228893
0.9530661322645291,1.312919693260513,1.3138382691478463,0.3275842377249519,0.3386697530393123,0.5914534464623261,0.6262233057254293,-1.0306918291722544,-1.030652465738134,-1.0301077863525816,-1.033962142904729,-1.0289117763711977,-1.0297836879196642
0.9549899799599199,1.3129122225601249,1.3137915110684062,0.32795865917500594,0.33862215793478484,0.5925549602326189,0.6261352991543492,-1.030691201091798,-1.030652228585476,-1.0301066152293181,-1.0339619127148332,-1.028911567580363,-1.029779202717749
0.9569138276553106,1.312904762611876,1.3137447608504809,0.32833545209202847,0.33857456744541997,0.593671608153962,0.6260473011170172,-1.0306905737316245,-1.0306519914923995,-1.0301054400547542,-1.0339616825828657,-1.0289113591157482,-1.029774717517146
0.9588376753507014,1.3128973147432392,1.3136980184927838,0.3287147182754253,0.33852698157124017,0.5948037685380692,0.625959311613475,-1.0306899470797506,-1.0306517544588925,-1.0301042607486826,-1.0339614525088137,-1.0289111509726907,-1.0297702323178581
0.9607615230460922,1.312889876617034,1.3136512839940215,0.3290964443323579,0.3384794003122673,0.5959522089385832,0.6258713306437629,-1.030689321120041,-1.0306515174849407,-1.030103077154349,-1.033961222492664,-1.028910943151486,-1.029765747119886
0.962685370741483,1.3128824492579212,1.313604557352896,0.329480727364686,0.33843182366850455,0.5971173235242719,0.6257833582078867,-1.0306886958507664,-1.0306512805705312,-1.0301018891335854,-1.033960992534404,-1.0289107356526805,-1.0297612619232328
0.9646092184368737,1.3128750335143888,1.313557838568102,0.32986765833208387,0.3383842516400035,0.5982995319546897,0.625695394305942,-1.0306880712736681,-1.0306510437156509,-1.030100696523378,-1.0339607626340208,-1.0289105284788005,-1.0297567767279003
0.9665330661322645,1.3128676271855029,1.3135111276383724,0.3302572359885113,0.3383366842268132,0.5994997441379208,0.6256074389380193,-1.030687447369775,-1.0306508069202864,-1.0300994991548331,-1.0339605327915014,-1.0289103216289088,-1.0297522915338908
0.9684569138276553,1.3128602314339846,1.3134644245623912,0.33064956972961523,0.3382891214289513,0.6007184734885173,0.6255194921041514,-1.030686824129646,-1.030650570184425,-1.030098296910731,-1.0339603030068327,-1.028910115099908,-1.0297478063412058
0.9703807615230461,1.3128528460277744,1.3134177293388756,0.3310447221969488,0.3382415632464178,0.6019564100409719,0.6254315538043382,-1.0306862015542562,-1.0306503335080532,-1.030097089573161,-1.033960073280002,-1.0289099088962985,-1.029743321149848
0.9723046092184369,1.3128454706652557,1.313371041966534,0.3314427690977455,0.33819400967925306,0.6032142093117436,0.6253436240386545,-1.0306855796411198,-1.030650096891158,-1.0300958769150346,-1.0339598436109967,-1.0289097030216288,-1.0297388359598194
0.9742284569138276,1.312838105217105,1.3133243624440623,0.33184379080077026,0.33814646072751275,0.6044927426166016,0.625255702807203,-1.0306849583630406,-1.030649860333726,-1.0300946588352626,-1.0339596139998035,-1.0289094974674489,-1.0297343507711216
0.9761523046092184,1.3128307485522333,1.3132776907701664,0.3322478361605443,0.3380989163912001,0.6057930249484393,0.6251677901099898,-1.0306843377147936,-1.030649623835744,-1.0300934350760447,-1.0339593844464097,-1.0289092922376324,-1.0297298655837572
0.9780761523046092,1.3128234018879792,1.313231026943582,0.3326550280743152,0.33805137667036916,0.6071156940041754,0.6250798859471147,-1.0306837177053874,-1.0306493873971991,-1.0300922053755248,-1.0339591549508025,-1.0289090873381832,-1.0297253803977284
0.98,1.3128160656579972,1.3131843709629842,0.3330654846665779,0.33800384156499946,0.6084615269074375,0.62499199031854,-1.030683098321324,-1.0306491510180784,-1.0300909695401157,-1.0339589255129686,-1.028908882766536,-1.0297208952130368
